SOURCE_INSTANCE	SOURCE_CUSTOMER_CODE	GDW_CUSTOMER_ID	UPDATED_ON	UPDATED_BY
AU_LW_V5	BART-QA-2	30	2017/09/01 21:06:36.000000000	1709010165
AU_LW_V5	BAIA-QA-2	30	2017/09/01 21:06:36.000000000	1709010165
AU_LW_V5	BARR-QA-3	31	2017/09/01 21:06:36.000000000	1709010165
AU_LW_V5	BARR-QA-1	31	2017/09/01 21:06:36.000000000	1709010165
AU_LW_V5	BARR-QA-2	31	2017/09/01 21:06:36.000000000	1709010165
AU_LW_V5	BARR-QA-4	31	2017/09/01 21:06:36.000000000	1709010165
AU_LW_V5	BAYE-QA-2	32	2017/09/01 21:06:36.000000000	1709010165
AU_LW_V5	BAYE-QA-1	32	2017/09/01 21:06:36.000000000	1709010165
AU_LW_V5	BECA-QA-1	33	2017/09/01 21:06:36.000000000	1709010165
AU_LW_V5	BECA-CH-1	33	2017/09/01 21:06:36.000000000	1709010165
AU_LW_V5	BEAK-AD-7	34	2017/09/01 21:06:36.000000000	1709010165
AU_LW_V5	BEAK-AD-5	34	2017/09/01 21:06:36.000000000	1709010165
AU_LW_V5	BEAK-AD-3	34	2017/09/01 21:06:36.000000000	1709010165
AU_LW_V5	BEAK-AD-1	34	2017/09/01 21:06:36.000000000	1709010165
AU_LW_V5	BEAK-AD-2	34	2017/09/01 21:06:36.000000000	1709010165
AU_LW_V5	BEAK-AD-4	34	2017/09/01 21:06:36.000000000	1709010165
AU_LW_V5	BEAK-AD-8	34	2017/09/01 21:06:36.000000000	1709010165
AU_LW_V5	BEAK-AD-6	34	2017/09/01 21:06:36.000000000	1709010165
AU_LW_V5	BEGA-CH-7	35	2017/09/01 21:06:36.000000000	1709010165
AU_LW_V5	BEGA-CH-6	35	2017/09/01 21:06:36.000000000	1709010165
AU_LW_V5	BEGA-CH-5	35	2017/09/01 21:06:36.000000000	1709010165
AU_LW_V5	BEGA-CH-3	35	2017/09/01 21:06:36.000000000	1709010165
AU_LW_V5	BEGA-CH-1	35	2017/09/01 21:06:36.000000000	1709010165
AU_LW_V5	BEGA-CH-4	35	2017/09/01 21:06:36.000000000	1709010165
AU_LW_V5	BEGA-AD-1	35	2017/09/01 21:06:36.000000000	1709010165
AU_LW_V5	BEGA-CH-2	35	2017/09/01 21:06:36.000000000	1709010165
AU_LW_V5	BFB-QA-1	36	2017/09/01 21:06:36.000000000	1709010165
AU_LW_V5	BFB-QA-2	36	2017/09/01 21:06:36.000000000	1709010165
AU_LW_V5	BERR-AD-1	37	2017/09/01 21:06:36.000000000	1709010165
AU_LW_V5	BERRI-MB-1	37	2017/09/01 21:06:36.000000000	1709010165
AU_LW_V5	BLUE-AD-2	38	2017/09/01 21:06:36.000000000	1709010165
AU_LW_V5	BLUE-AD-1	38	2017/09/01 21:06:36.000000000	1709010165
AU_LW_V5	BHP-AD-1	39	2017/09/01 21:06:36.000000000	1709010165
AU_LW_V5	BHPB-AD-1	39	2017/09/01 21:06:36.000000000	1709010165
AU_LW_V5	BILA-CH-1	40	2017/09/01 21:06:36.000000000	1709010165
AU_LW_V5	BIOT-QA-1	40	2017/09/01 21:06:36.000000000	1709010165
AU_LW_V5	BRAM-AD-1	41	2017/09/01 21:06:36.000000000	1709010165
AU_LW_V5	BIS-AD-1	41	2017/09/01 21:06:36.000000000	1709010165
AU_LW_V5	BKK-AD-2	42	2017/09/01 21:06:36.000000000	1709010165
AU_LW_V5	BKK-AD-1	42	2017/09/01 21:06:36.000000000	1709010165
AU_LW_V5	BMDI-QA-1	43	2017/09/01 21:06:36.000000000	1709010165
AU_LW_V5	BMDI-QA-2	43	2017/09/01 21:06:36.000000000	1709010165
AU_LW_V5	BOFO-AD-1	44	2017/09/01 21:06:36.000000000	1709010165
AU_LW_V5	BOFC-AD-1	44	2017/09/01 21:06:36.000000000	1709010165
AU_LW_V5	MODER-QA-1	45	2017/09/01 21:06:36.000000000	1709010165
AU_LW_V5	BOBE-AD-1	45	2017/09/01 21:06:36.000000000	1709010165
AU_LW_V5	BOBE-AD-3	45	2017/09/01 21:06:36.000000000	1709010165
AU_LW_V5	BOBE-AD-2	45	2017/09/01 21:06:36.000000000	1709010165
AU_LW_V5	BRAN--QA-2	46	2017/09/01 21:06:36.000000000	1709010165
AU_LW_V5	BRAN-QA-1	46	2017/09/01 21:06:36.000000000	1709010165
AU_LW_V5	FIRM-QA-1	46	2017/09/01 21:06:36.000000000	1709010165
AU_LW_V5	BRAV-AD-1	47	2017/09/01 21:06:36.000000000	1709010165
AU_LW_V5	BRVI-AD-1	47	2017/09/01 21:06:36.000000000	1709010165
AU_LW_V5	BRPR-AD-1	48	2017/09/01 21:06:36.000000000	1709010165
AU_LW_V5	WORL-AD-2	48	2017/09/01 21:06:36.000000000	1709010165
AU_LW_V5	BUDP-AD-1	49	2017/09/01 21:06:36.000000000	1709010165
AU_LW_V5	BULL-QA-2	49	2017/09/01 21:06:36.000000000	1709010165
AU_LW_V5	BULL-QA-1	49	2017/09/01 21:06:36.000000000	1709010165
AU_LW_V5	CAAP-CH-1	50	2017/09/01 21:06:36.000000000	1709010165
AU_LW_V5	CAAR-CH-1	50	2017/09/01 21:06:36.000000000	1709010165
AU_LW_V5	CAAR-AD-1	50	2017/09/01 21:06:36.000000000	1709010165
AU_LW_V5	CAAR-AD-2	50	2017/09/01 21:06:36.000000000	1709010165
AU_LW_V5	WESC-QA-1	51	2017/09/01 21:06:36.000000000	1709010165
AU_LW_V5	CAHO-AD-1	51	2017/09/01 21:06:36.000000000	1709010165
AU_LW_V5	CHA-CH-1	52	2017/09/01 21:06:36.000000000	1709010165
AU_LW_V5	CHAU-MB-1	52	2017/09/01 21:06:36.000000000	1709010165
AU_LW_V5	PAPR-AD-1	53	2017/09/01 21:06:36.000000000	1709010165
AU_LW_V5	CPAC-MB-1	53	2017/09/01 21:06:36.000000000	1709010165
AU_LW_V5	CARG-QA-2	54	2017/09/01 21:06:36.000000000	1709010165
AU_LW_V5	CABA-MB-1	54	2017/09/01 21:06:36.000000000	1709010165
AU_LW_V5	CARG-QA-3	54	2017/09/01 21:06:36.000000000	1709010165
AU_LW_V5	CARG-QA-1	54	2017/09/01 21:06:36.000000000	1709010165
AU_LW_V5	CABA-CH-1	54	2017/09/01 21:06:36.000000000	1709010165
AU_LW_V5	PRCR-AD-3	55	2017/09/01 21:06:36.000000000	1709010165
AU_LW_V5	PRCR-AD-2	55	2017/09/01 21:06:36.000000000	1709010165
AU_LW_V5	CATA-QA-6	56	2017/09/01 21:06:36.000000000	1709010165
AU_LW_V5	CATA-QA-2	56	2017/09/01 21:06:36.000000000	1709010165
AU_LW_V5	CATA-QA-3	56	2017/09/01 21:06:36.000000000	1709010165
AU_LW_V5	CATA-QA-5	56	2017/09/01 21:06:36.000000000	1709010165
AU_LW_V5	CATA-QA-8	56	2017/09/01 21:06:36.000000000	1709010165
AU_LW_V5	CATA-QA-4	56	2017/09/01 21:06:36.000000000	1709010165
AU_LW_V5	CATA-QA-1	56	2017/09/01 21:06:36.000000000	1709010165
AU_LW_V5	CATA-QA-7	56	2017/09/01 21:06:36.000000000	1709010165
AU_LW_V5	CATE-MB-1	57	2017/09/01 21:06:36.000000000	1709010165
AU_LW_V5	CATE-AD-1	57	2017/09/01 21:06:36.000000000	1709010165
AU_LW_V5	CATH-QA-2	58	2017/09/01 21:06:36.000000000	1709010165
AU_LW_V5	CATH-QA-1	58	2017/09/01 21:06:36.000000000	1709010165
AU_LW_V5	CERE-QA-3	59	2017/09/01 21:06:36.000000000	1709010165
AU_LW_V5	CEREB-QA-1	59	2017/09/01 21:06:36.000000000	1709010165
AU_LW_V5	CERE-AD-1	59	2017/09/01 21:06:36.000000000	1709010165
AU_LW_V5	CERE-QA-2	59	2017/09/01 21:06:36.000000000	1709010165
AU_LW_V5	CHEE-AD-4	60	2017/09/01 21:06:36.000000000	1709010165
AU_LW_V5	CHEE-AD-3	60	2017/09/01 21:06:36.000000000	1709010165
AU_LW_V5	CHEE-AD-1	60	2017/09/01 21:06:36.000000000	1709010165
AU_LW_V5	CHEM-MB-1	61	2017/09/01 21:06:36.000000000	1709010165
AU_LW_V5	CHEM-MB-2	61	2017/09/01 21:06:36.000000000	1709010165
AU_LW_V5	CHEP-AD-3	62	2017/09/01 21:06:36.000000000	1709010165
AU_LW_V5	CHEP-MB-1	62	2017/09/01 21:06:36.000000000	1709010165
AU_LW_V5	CHEP-AD-1	62	2017/09/01 21:06:36.000000000	1709010165
AU_LW_V5	CHEP-MB-3	62	2017/09/01 21:06:36.000000000	1709010165
AU_LW_V5	CHEP-MB-2	62	2017/09/01 21:06:36.000000000	1709010165
AU_LW_V5	CHEP-AD-4	62	2017/09/01 21:06:36.000000000	1709010165
AU_LW_V5	CHEP-AD-2	62	2017/09/01 21:06:36.000000000	1709010165
AU_LW_V5	CRG-QA-2	63	2017/09/01 21:06:36.000000000	1709010165
AU_LW_V5	CRG-QA-1	63	2017/09/01 21:06:36.000000000	1709010165
AU_LW_V5	CLEA-QA-2	64	2017/09/01 21:06:36.000000000	1709010165
AU_LW_V5	CLEA-QA-1	64	2017/09/01 21:06:36.000000000	1709010165
AU_LW_V5	CLGA-MB-1	65	2017/09/01 21:06:36.000000000	1709010165
AU_LW_V5	CLGR-CH-1	65	2017/09/01 21:06:36.000000000	1709010165
AU_LW_V5	COCA-QA-1	66	2017/09/01 21:06:36.000000000	1709010165
AU_LW_V5	COCA-QA-2	66	2017/09/01 21:06:36.000000000	1709010165
AU_LW_V5	COCH-AD-2	67	2017/09/01 21:06:36.000000000	1709010165
AU_LW_V5	COCH-AD-1	67	2017/09/01 21:06:36.000000000	1709010165
AU_LW_V5	COEN-AD-2	68	2017/09/01 21:06:36.000000000	1709010165
AU_LW_V5	COEN-AD-1	68	2017/09/01 21:06:36.000000000	1709010165
AU_LW_V5	COLE-QA-2A	69	2017/09/01 21:06:36.000000000	1709010165
AU_LW_V5	COLE-QA-3A	69	2017/09/01 21:06:36.000000000	1709010165
AU_LW_V5	COLE-ST-2	69	2017/09/01 21:06:36.000000000	1709010165
AU_LW_V5	COL_GROCRY	69	2017/09/01 21:06:36.000000000	1709010165
AU_LW_V5	COLE-AD-3	69	2017/09/01 21:06:36.000000000	1709010165
AU_LW_V5	COLE-ST-1	69	2017/09/01 21:06:36.000000000	1709010165
AU_LW_V5	COLE-AD-2	69	2017/09/01 21:06:36.000000000	1709010165
AU_LW_V5	COLE-AD-1	69	2017/09/01 21:06:36.000000000	1709010165
AU_LW_V5	COMP-AD-37	70	2017/09/01 21:06:36.000000000	1709010165
AU_LW_V5	COMP-AD-46	70	2017/09/01 21:06:36.000000000	1709010165
AU_LW_V5	COMP-AD-52	70	2017/09/01 21:06:36.000000000	1709010165
AU_LW_V5	COMP-AD-17	70	2017/09/01 21:06:36.000000000	1709010165
AU_LW_V5	COMP-AD-39	70	2017/09/01 21:06:36.000000000	1709010165
AU_LW_V5	COMP-AD-53	70	2017/09/01 21:06:36.000000000	1709010165
AU_LW_V5	COMP-AD-1	70	2017/09/01 21:06:36.000000000	1709010165
AU_LW_V5	COMP-AD-15	70	2017/09/01 21:06:36.000000000	1709010165
AU_LW_V5	COMP-AD-16	70	2017/09/01 21:06:36.000000000	1709010165
AU_LW_V5	COMP-AD-18	70	2017/09/01 21:06:36.000000000	1709010165
AU_LW_V5	COMP-AD-2	70	2017/09/01 21:06:36.000000000	1709010165
AU_LW_V5	COMP-AD-21	70	2017/09/01 21:06:36.000000000	1709010165
AU_LW_V5	COMP-AD-23	70	2017/09/01 21:06:36.000000000	1709010165
AU_LW_V5	COMP-AD-29	70	2017/09/01 21:06:36.000000000	1709010165
AU_LW_V5	COMP-AD-30	70	2017/09/01 21:06:36.000000000	1709010165
AU_LW_V5	COMP-AD-32	70	2017/09/01 21:06:36.000000000	1709010165
AU_LW_V5	COMP-AD-34	70	2017/09/01 21:06:36.000000000	1709010165
AU_LW_V5	COMP-AD-35	70	2017/09/01 21:06:36.000000000	1709010165
AU_LW_V5	COMP-AD-40	70	2017/09/01 21:06:36.000000000	1709010165
AU_LW_V5	COMP-AD-41	70	2017/09/01 21:06:36.000000000	1709010165
AU_LW_V5	COMP-AD-42	70	2017/09/01 21:06:36.000000000	1709010165
AU_LW_V5	COMP-AD-43	70	2017/09/01 21:06:36.000000000	1709010165
AU_LW_V5	COMP-AD-44	70	2017/09/01 21:06:36.000000000	1709010165
AU_LW_V5	COMP-AD-47	70	2017/09/01 21:06:36.000000000	1709010165
AU_LW_V5	COMP-AD-48	70	2017/09/01 21:06:36.000000000	1709010165
AU_LW_V5	COMP-AD-49	70	2017/09/01 21:06:36.000000000	1709010165
AU_LW_V5	COMP-AD-5	70	2017/09/01 21:06:36.000000000	1709010165
AU_LW_V5	COMP-AD-50	70	2017/09/01 21:06:36.000000000	1709010165
AU_LW_V5	COMP-AD-54	70	2017/09/01 21:06:36.000000000	1709010165
AU_LW_V5	COMP-AD-6	70	2017/09/01 21:06:36.000000000	1709010165
AU_LW_V5	COMP-AD-7	70	2017/09/01 21:06:36.000000000	1709010165
AU_LW_V5	COMP-AD-8	70	2017/09/01 21:06:36.000000000	1709010165
AU_LW_V5	COMP-AD-9	70	2017/09/01 21:06:36.000000000	1709010165
AU_LW_V5	MHW-AD-1	70	2017/09/01 21:06:36.000000000	1709010165
AU_LW_V5	REEH-AD-1	70	2017/09/01 21:06:36.000000000	1709010165
AU_LW_V5	SWHH-AD-1	70	2017/09/01 21:06:36.000000000	1709010165
AU_LW_V5	TEHO-QA-1	70	2017/09/01 21:06:36.000000000	1709010165
AU_LW_V5	COME-AD-1	70	2017/09/01 21:06:36.000000000	1709010165
AU_LW_V5	COMP-AD-10	70	2017/09/01 21:06:36.000000000	1709010165
AU_LW_V5	COMP-AD-12	70	2017/09/01 21:06:36.000000000	1709010165
AU_LW_V5	COMP-AD-14	70	2017/09/01 21:06:36.000000000	1709010165
AU_LW_V5	COMP-AD-19	70	2017/09/01 21:06:36.000000000	1709010165
AU_LW_V5	BRI-CH-1	122	2017/09/01 21:06:36.000000000	1709010165
AU_LW_V5	GGO-AD-1	123	2017/09/01 21:06:36.000000000	1709010165
AU_LW_V5	GRGR-AD-1	123	2017/09/01 21:06:36.000000000	1709010165
AU_LW_V5	NOAA-AD-1	124	2017/09/01 21:06:36.000000000	1709010165
AU_LW_V5	NOAA-AD-2	124	2017/09/01 21:06:36.000000000	1709010165
AU_LW_V5	NAA-AD-1	124	2017/09/01 21:06:36.000000000	1709010165
AU_LW_V5	GGF-CH-1	125	2017/09/01 21:06:36.000000000	1709010165
AU_LW_V5	GRGF-AD-1	125	2017/09/01 21:06:36.000000000	1709010165
AU_LW_V5	GREEN-QA-1	125	2017/09/01 21:06:36.000000000	1709010165
AU_LW_V5	GSFA-RD-1	126	2017/09/01 21:06:36.000000000	1709010165
AU_LW_V5	GSFA-QA-3	126	2017/09/01 21:06:36.000000000	1709010165
AU_LW_V5	GSFA-QA-1	126	2017/09/01 21:06:36.000000000	1709010165
AU_LW_V5	HOP-AD-1	127	2017/09/01 21:06:36.000000000	1709010165
AU_LW_V5	HOPR-PD-1	127	2017/09/01 21:06:36.000000000	1709010165
AU_LW_V5	HWG-QA-1	128	2017/09/01 21:06:36.000000000	1709010165
AU_LW_V5	HWG-QA-2	128	2017/09/01 21:06:36.000000000	1709010165
AU_LW_V5	HALL-QA-1	129	2017/09/01 21:06:36.000000000	1709010165
AU_LW_V5	HALL-CH-1	129	2017/09/01 21:06:36.000000000	1709010165
AU_LW_V5	HANS-QA-1	130	2017/09/01 21:06:36.000000000	1709010165
AU_LW_V5	HANS-QA-2	130	2017/09/01 21:06:36.000000000	1709010165
AU_LW_V5	HAFG-MB-1	131	2017/09/01 21:06:36.000000000	1709010165
AU_LW_V5	HAFA-AD-1	131	2017/09/01 21:06:36.000000000	1709010165
AU_LW_V5	HARK-AD-2	132	2017/09/01 21:06:36.000000000	1709010165
AU_LW_V5	HARK-AD-1	132	2017/09/01 21:06:36.000000000	1709010165
AU_LW_V5	HARV-QA-4	133	2017/09/01 21:06:36.000000000	1709010165
AU_LW_V5	HARV-QA-2	133	2017/09/01 21:06:36.000000000	1709010165
AU_LW_V5	HARV-QA-3	133	2017/09/01 21:06:36.000000000	1709010165
AU_LW_V5	HARV-QA-8	133	2017/09/01 21:06:36.000000000	1709010165
AU_LW_V5	HARV-QA-1	133	2017/09/01 21:06:36.000000000	1709010165
AU_LW_V5	HARV-QA-7	133	2017/09/01 21:06:36.000000000	1709010165
AU_LW_V5	HARV-QA-5	133	2017/09/01 21:06:36.000000000	1709010165
AU_LW_V5	HARV-QA-6	133	2017/09/01 21:06:36.000000000	1709010165
AU_LW_V5	HATCH-AD-1	134	2017/09/01 21:06:36.000000000	1709010165
AU_LW_V5	HATCH-AD-2	134	2017/09/01 21:06:36.000000000	1709010165
AU_LW_V5	HBW-QA-1	135	2017/09/01 21:06:36.000000000	1709010165
AU_LW_V5	HBWF-AD-1	135	2017/09/01 21:06:36.000000000	1709010165
AU_LW_V5	HEIM-QA-1	136	2017/09/01 21:06:36.000000000	1709010165
AU_LW_V5	NEWF-QA-1	136	2017/09/01 21:06:36.000000000	1709010165
AU_LW_V5	HEIM-QA-2	136	2017/09/01 21:06:36.000000000	1709010165
AU_LW_V5	HEIM-QA-3	136	2017/09/01 21:06:36.000000000	1709010165
AU_LW_V5	NEWF-QA-2	136	2017/09/01 21:06:36.000000000	1709010165
AU_LW_V5	NEWF-PD-1	136	2017/09/01 21:06:36.000000000	1709010165
AU_LW_V5	HENG-AD-1	137	2017/09/01 21:06:36.000000000	1709010165
AU_LW_V5	HFTC-AD-1	137	2017/09/01 21:06:36.000000000	1709010165
AU_LW_V5	HIBB-AD-7	138	2017/09/01 21:06:36.000000000	1709010165
AU_LW_V5	HIBB-AD-3	138	2017/09/01 21:06:36.000000000	1709010165
AU_LW_V5	HIBB-AD-5	138	2017/09/01 21:06:36.000000000	1709010165
AU_LW_V5	HIBB-AD-6	138	2017/09/01 21:06:36.000000000	1709010165
AU_LW_V5	HIBB-AD-4	138	2017/09/01 21:06:36.000000000	1709010165
AU_LW_V5	HIBB-AD-2	138	2017/09/01 21:06:36.000000000	1709010165
AU_LW_V5	HIBB-AD-1	138	2017/09/01 21:06:36.000000000	1709010165
AU_LW_V5	HEIN-QA-5	139	2017/09/01 21:06:36.000000000	1709010165
AU_LW_V5	HEIN-QA-3	139	2017/09/01 21:06:36.000000000	1709010165
AU_LW_V5	HEIN-QA-2	139	2017/09/01 21:06:36.000000000	1709010165
AU_LW_V5	HEIN-QA-1	139	2017/09/01 21:06:36.000000000	1709010165
AU_LW_V5	HEIN-QA-4	139	2017/09/01 21:06:36.000000000	1709010165
AU_LW_V5	HOFA-QA-1	140	2017/09/01 21:06:36.000000000	1709010165
AU_LW_V5	HOF-QA-1	140	2017/09/01 21:06:36.000000000	1709010165
AU_LW_V5	HUJA-AD-1	141	2017/09/01 21:06:36.000000000	1709010165
AU_LW_V5	HUNG-AD-3	141	2017/09/01 21:06:36.000000000	1709010165
AU_LW_V5	HYDR-AD-1	142	2017/09/01 21:06:36.000000000	1709010165
AU_LW_V5	HYDR-AD-4	142	2017/09/01 21:06:36.000000000	1709010165
AU_LW_V5	HYDR-AD-5	142	2017/09/01 21:06:36.000000000	1709010165
AU_LW_V5	IGA-QA-1	143	2017/09/01 21:06:36.000000000	1709010165
AU_LW_V5	IGAW-AD-1	143	2017/09/01 21:06:36.000000000	1709010165
AU_LW_V5	IDIS-AD-1	144	2017/09/01 21:06:36.000000000	1709010165
AU_LW_V5	INDI-AD-1	144	2017/09/01 21:06:36.000000000	1709010165
AU_LW_V5	INEN-QA-8	145	2017/09/01 21:06:36.000000000	1709010165
AU_LW_V5	INEN-QA-7	145	2017/09/01 21:06:36.000000000	1709010165
AU_LW_V5	INEN-QA-6	145	2017/09/01 21:06:36.000000000	1709010165
AU_LW_V5	INEN-QA-5	145	2017/09/01 21:06:36.000000000	1709010165
AU_LW_V5	INEN-QA-4	145	2017/09/01 21:06:36.000000000	1709010165
AU_LW_V5	INEN-QA-3	145	2017/09/01 21:06:36.000000000	1709010165
AU_LW_V5	INEN-QA-2	145	2017/09/01 21:06:36.000000000	1709010165
AU_LW_V5	INEN-QA-14	145	2017/09/01 21:06:36.000000000	1709010165
AU_LW_V5	INEN-QA-13	145	2017/09/01 21:06:36.000000000	1709010165
AU_LW_V5	INEN-QA-12	145	2017/09/01 21:06:36.000000000	1709010165
AU_LW_V5	INEN-QA-11	145	2017/09/01 21:06:36.000000000	1709010165
AU_LW_V5	INEN-QA-10	145	2017/09/01 21:06:36.000000000	1709010165
AU_LW_V5	INEN-QA-1	145	2017/09/01 21:06:36.000000000	1709010165
AU_LW_V5	INEN-QA-9	145	2017/09/01 21:06:36.000000000	1709010165
AU_LW_V5	INEN-QA-15	145	2017/09/01 21:06:36.000000000	1709010165
AU_LW_V5	INNO-QA-1	146	2017/09/01 21:06:36.000000000	1709010165
AU_LW_V5	INNO-AD-1	146	2017/09/01 21:06:36.000000000	1709010165
AU_LW_V5	INTE-AD-2	147	2017/09/01 21:06:36.000000000	1709010165
AU_LW_V5	INTE-AD-1	147	2017/09/01 21:06:36.000000000	1709010165
AU_LW_V5	INMP-AD-1	148	2017/09/01 21:06:36.000000000	1709010165
AU_LW_V5	IMP-AD-1	148	2017/09/01 21:06:36.000000000	1709010165
AU_LW_V5	INTM-AD-1	149	2017/09/01 21:06:36.000000000	1709010165
AU_LW_V5	INTE-QA-3	149	2017/09/01 21:06:36.000000000	1709010165
AU_LW_V5	ITMS-AD-1	149	2017/09/01 21:06:36.000000000	1709010165
AU_LW_V5	ITEK-AD-2	150	2017/09/01 21:06:36.000000000	1709010165
AU_LW_V5	ITEK-AD-1	150	2017/09/01 21:06:36.000000000	1709010165
AU_LW_V5	TEMP-QA-1	151	2017/09/01 21:06:36.000000000	1709010165
AU_LW_V5	RNSH-MB-1	151	2017/09/01 21:06:36.000000000	1709010165
AU_LW_V5	PACA-MB-1	151	2017/09/01 21:06:36.000000000	1709010165
AU_LW_V5	ISS-QA-1	151	2017/09/01 21:06:36.000000000	1709010165
AU_LW_V5	TEMP-AD-2	151	2017/09/01 21:06:36.000000000	1709010165
AU_LW_V5	ISS-AD-1	152	2017/09/01 21:06:36.000000000	1709010165
AU_LW_V5	ISSI-AD-1	152	2017/09/01 21:06:36.000000000	1709010165
AU_LW_V5	ITDA-AD-1	153	2017/09/01 21:06:36.000000000	1709010165
AU_LW_V5	ITDI-AD-1	153	2017/09/01 21:06:36.000000000	1709010165
AU_LW_V5	IVF-MB-2	154	2017/09/01 21:06:36.000000000	1709010165
AU_LW_V5	IVF-MB-1	154	2017/09/01 21:06:36.000000000	1709010165
AU_LW_V5	JALC-QA-1	155	2017/09/01 21:06:36.000000000	1709010165
AU_LW_V5	JALC-CH-2	155	2017/09/01 21:06:36.000000000	1709010165
AU_LW_V5	JALC-CH-1	155	2017/09/01 21:06:36.000000000	1709010165
AU_LW_V5	JAPA-AD-1	156	2017/09/01 21:06:36.000000000	1709010165
AU_LW_V5	JAPA-QA-1	156	2017/09/01 21:06:36.000000000	1709010165
AU_LW_V5	JAPA-QA-2	156	2017/09/01 21:06:36.000000000	1709010165
AU_LW_V5	JAUS-AD-1	157	2017/09/01 21:06:36.000000000	1709010165
AU_LW_V5	JASO-AD-1	157	2017/09/01 21:06:36.000000000	1709010165
AU_LW_V5	JAAU-AD-1	157	2017/09/01 21:06:36.000000000	1709010165
AU_LW_V5	PRQM-QA-1	158	2017/09/01 21:06:36.000000000	1709010165
AU_LW_V5	ROCK-QA-1	158	2017/09/01 21:06:36.000000000	1709010165
AU_LW_V5	PRI-QA-1	158	2017/09/01 21:06:36.000000000	1709010165
AU_LW_V5	JBS-AD-1	158	2017/09/01 21:06:36.000000000	1709010165
AU_LW_V5	FPAR-QA-1	158	2017/09/01 21:06:36.000000000	1709010165
AU_LW_V5	JCQF-QA-1	159	2017/09/01 21:06:36.000000000	1709010165
AU_LW_V5	JCQF-QA-2	159	2017/09/01 21:06:36.000000000	1709010165
AU_LW_V5	JEWL-QA-1	160	2017/09/01 21:06:36.000000000	1709010165
AU_LW_V5	JEWE-AD-1	160	2017/09/01 21:06:36.000000000	1709010165
AU_LW_V5	JJME-AD-1	161	2017/09/01 21:06:36.000000000	1709010165
AU_LW_V5	JOJO-AD-1	161	2017/09/01 21:06:36.000000000	1709010165
AU_LW_V5	JURL-QA-1	162	2017/09/01 21:06:36.000000000	1709010165
AU_LW_V5	JUIN-QA-2	162	2017/09/01 21:06:36.000000000	1709010165
AU_LW_V5	JUIN-QA-1	162	2017/09/01 21:06:36.000000000	1709010165
AU_LW_V5	JSFJ-QA-1	163	2017/09/01 21:06:36.000000000	1709010165
AU_LW_V5	JUST-AD-1	163	2017/09/01 21:06:36.000000000	1709010165
AU_LW_V5	KBRO-QA-1	164	2017/09/01 21:06:36.000000000	1709010165
AU_LW_V5	KAIL-QA-5	164	2017/09/01 21:06:36.000000000	1709010165
AU_LW_V5	KAIL-QA-1	164	2017/09/01 21:06:36.000000000	1709010165
AU_LW_V5	KAIL-QA-4	164	2017/09/01 21:06:36.000000000	1709010165
AU_LW_V5	KAIL-QA-6	164	2017/09/01 21:06:36.000000000	1709010165
AU_LW_V5	KAAU-AD-1	165	2017/09/01 21:06:36.000000000	1709010165
AU_LW_V5	KAAU-AD-2	165	2017/09/01 21:06:36.000000000	1709010165
AU_LW_V5	KATR-AD-1	166	2017/09/01 21:06:36.000000000	1709010165
AU_LW_V5	KATR-MB-2	166	2017/09/01 21:06:36.000000000	1709010165
AU_LW_V5	KAYA-AD-2	167	2017/09/01 21:06:36.000000000	1709010165
AU_LW_V5	KAYA-AD-1	167	2017/09/01 21:06:36.000000000	1709010165
AU_LW_V5	HESP-QA-1	168	2017/09/01 21:06:36.000000000	1709010165
AU_LW_V5	KELL-QA-1	168	2017/09/01 21:06:36.000000000	1709010165
AU_LW_V5	KELL-QA-12	168	2017/09/01 21:06:36.000000000	1709010165
AU_LW_V5	KELL-QA-13	168	2017/09/01 21:06:36.000000000	1709010165
AU_LW_V5	KELL-QA-4	168	2017/09/01 21:06:36.000000000	1709010165
AU_LW_V5	KELL-QA-5	168	2017/09/01 21:06:36.000000000	1709010165
AU_LW_V5	KELL-QA-8	168	2017/09/01 21:06:36.000000000	1709010165
AU_LW_V5	HESP-QA-2	168	2017/09/01 21:06:36.000000000	1709010165
AU_LW_V5	KELL-QA-11	168	2017/09/01 21:06:36.000000000	1709010165
AU_LW_V5	KELL-QA-14	168	2017/09/01 21:06:36.000000000	1709010165
AU_LW_V5	KELL-QA-16	168	2017/09/01 21:06:36.000000000	1709010165
AU_LW_V5	KELL-QA-6	168	2017/09/01 21:06:36.000000000	1709010165
AU_LW_V5	KELL-QA-15	168	2017/09/01 21:06:36.000000000	1709010165
AU_LW_V5	KELL-QA-9	168	2017/09/01 21:06:36.000000000	1709010165
AU_LW_V5	KERI-QA-9	169	2017/09/01 21:06:36.000000000	1709010165
AU_LW_V5	KERI-QA-4	169	2017/09/01 21:06:36.000000000	1709010165
AU_LW_V5	KERI-QA-2	169	2017/09/01 21:06:36.000000000	1709010165
AU_LW_V5	KERI-QA-1	169	2017/09/01 21:06:36.000000000	1709010165
AU_LW_V5	KERI-PD-1	169	2017/09/01 21:06:36.000000000	1709010165
AU_LW_V5	KERI-8	169	2017/09/01 21:06:36.000000000	1709010165
AU_LW_V5	KERI-RD-1	169	2017/09/01 21:06:36.000000000	1709010165
AU_LW_V5	KERI-QA-8	169	2017/09/01 21:06:36.000000000	1709010165
AU_LW_V5	KERI-QA-10	169	2017/09/01 21:06:36.000000000	1709010165
AU_LW_V5	KERI-PD-2	169	2017/09/01 21:06:36.000000000	1709010165
AU_LW_V5	KERI-AD-1	169	2017/09/01 21:06:36.000000000	1709010165
AU_LW_V5	KERI-QA-7	169	2017/09/01 21:06:36.000000000	1709010165
AU_LW_V5	KERI-QA-6	169	2017/09/01 21:06:36.000000000	1709010165
AU_LW_V5	KERI-QA-5	169	2017/09/01 21:06:36.000000000	1709010165
AU_LW_V5	KERI-QA-3	169	2017/09/01 21:06:36.000000000	1709010165
AU_LW_V5	KEYP-QA-2	170	2017/09/01 21:06:36.000000000	1709010165
AU_LW_V5	KEYP-QA-1	170	2017/09/01 21:06:36.000000000	1709010165
AU_LW_V5	KICA-MB-2	171	2017/09/01 21:06:36.000000000	1709010165
AU_LW_V5	KFOOD-QA-1	171	2017/09/01 21:06:36.000000000	1709010165
AU_LW_V5	KICA-MB-1	171	2017/09/01 21:06:36.000000000	1709010165
AU_LW_V5	KOCO-AD-1	172	2017/09/01 21:06:36.000000000	1709010165
AU_LW_V5	KRIS-QA-1	173	2017/09/01 21:06:36.000000000	1709010165
AU_LW_V5	KRKR-CH-1	173	2017/09/01 21:06:36.000000000	1709010165
AU_LW_V5	KYLI-AD-2	174	2017/09/01 21:06:36.000000000	1709010165
AU_LW_V5	KYLI-AD-3	174	2017/09/01 21:06:36.000000000	1709010165
AU_LW_V5	KYLI-AD-1	174	2017/09/01 21:06:36.000000000	1709010165
AU_LW_V5	PARM-AD-5	1	2017/09/01 21:06:36.000000000	1709010165
AU_LW_V5	PARM-AD-8	1	2017/09/01 21:06:36.000000000	1709010165
AU_LW_V5	HARVF-AD-1	1	2017/09/01 21:06:36.000000000	1709010165
AU_LW_V5	PARM-AD-1	1	2017/09/01 21:06:36.000000000	1709010165
AU_LW_V5	DF-MB-5	1	2017/09/01 21:06:36.000000000	1709010165
AU_LW_V5	LFP-QA-1	1	2017/09/01 21:06:36.000000000	1709010165
AU_LW_V5	PARM-AD-10	1	2017/09/01 21:06:36.000000000	1709010165
AU_LW_V5	PARM-AD-12	1	2017/09/01 21:06:36.000000000	1709010165
AU_LW_V5	PARM-AD-2	1	2017/09/01 21:06:36.000000000	1709010165
AU_LW_V5	PARM-AD-4	1	2017/09/01 21:06:36.000000000	1709010165
AU_LW_V5	PARM-AD-6	1	2017/09/01 21:06:36.000000000	1709010165
AU_LW_V5	PARM-AD-7	1	2017/09/01 21:06:36.000000000	1709010165
AU_LW_V5	PARM-AD-9	1	2017/09/01 21:06:36.000000000	1709010165
AU_LW_V5	PARM-AD-3	1	2017/09/01 21:06:36.000000000	1709010165
AU_LW_V5	PARM-AD-11	1	2017/09/01 21:06:36.000000000	1709010165
AU_LW_V5	LENA-QA-1	176	2017/09/01 21:06:36.000000000	1709010165
AU_LW_V5	LENA-QA-3	176	2017/09/01 21:06:36.000000000	1709010165
AU_LW_V5	LENA-QA-2	176	2017/09/01 21:06:36.000000000	1709010165
AU_LW_V5	DF-MB-3	177	2017/09/01 21:06:36.000000000	1709010165
AU_LW_V5	DF-MB-7	177	2017/09/01 21:06:36.000000000	1709010165
AU_LW_V5	DF-MB-1	177	2017/09/01 21:06:36.000000000	1709010165
AU_LW_V5	DF-MB-4	177	2017/09/01 21:06:36.000000000	1709010165
AU_LW_V5	DF-MB-6	177	2017/09/01 21:06:36.000000000	1709010165
AU_LW_V5	LNEF-MB-1	178	2017/09/01 21:06:36.000000000	1709010165
AU_LW_V5	LITE-QA-2	178	2017/09/01 21:06:36.000000000	1709010165
AU_LW_V5	LITE-QA-1	178	2017/09/01 21:06:36.000000000	1709010165
AU_LW_V5	LITE-QA-3	178	2017/09/01 21:06:36.000000000	1709010165
AU_LW_V5	LICR-QA-1	179	2017/09/01 21:06:36.000000000	1709010165
AU_LW_V5	LITT-QA-1	179	2017/09/01 21:06:36.000000000	1709010165
AU_LW_V5	LORE-CH-1	180	2017/09/01 21:06:36.000000000	1709010165
AU_LW_V5	LOAU-MB-1	180	2017/09/01 21:06:36.000000000	1709010165
AU_LW_V5	MJC-QA-1	181	2017/09/01 21:06:36.000000000	1709010165
AU_LW_V5	MJCH-MB-1	181	2017/09/01 21:06:36.000000000	1709010165
AU_LW_V5	MAHO-MB-1	182	2017/09/01 21:06:36.000000000	1709010165
AU_LW_V5	MVOA-MB-1	182	2017/09/01 21:06:36.000000000	1709010165
AU_LW_V5	MAIN-AD-1	183	2017/09/01 21:06:36.000000000	1709010165
AU_LW_V5	MAIN-AD-2	183	2017/09/01 21:06:36.000000000	1709010165
AU_LW_V5	MAIN-QA-1	183	2017/09/01 21:06:36.000000000	1709010165
AU_LW_V5	MANA-AD-2	184	2017/09/01 21:06:36.000000000	1709010165
AU_LW_V5	MANA-AD-4	184	2017/09/01 21:06:36.000000000	1709010165
AU_LW_V5	MANA-AD-1	184	2017/09/01 21:06:36.000000000	1709010165
AU_LW_V5	MANA-AD-5	184	2017/09/01 21:06:36.000000000	1709010165
AU_LW_V5	MANA-AD-3	184	2017/09/01 21:06:36.000000000	1709010165
AU_LW_V5	MANI-MB-2	185	2017/09/01 21:06:36.000000000	1709010165
AU_LW_V5	MAGR-AD-1	185	2017/09/01 21:06:36.000000000	1709010165
AU_LW_V5	MANIL-QA-1	185	2017/09/01 21:06:36.000000000	1709010165
AU_LW_V5	MANI-MB-1	185	2017/09/01 21:06:36.000000000	1709010165
AU_LW_V5	MANI-MB-3	185	2017/09/01 21:06:36.000000000	1709010165
AU_LW_V5	MANIL-QA-2	185	2017/09/01 21:06:36.000000000	1709010165
AU_LW_V5	MCCA-QA-1	186	2017/09/01 21:06:36.000000000	1709010165
AU_LW_V5	SLBA-RD-1	186	2017/09/01 21:06:36.000000000	1709010165
AU_LW_V5	MCCF-AD-1	186	2017/09/01 21:06:36.000000000	1709010165
AU_LW_V5	SLBA-QA-1	186	2017/09/01 21:06:36.000000000	1709010165
AU_LW_V5	MCD-QA-2	187	2017/09/01 21:06:36.000000000	1709010165
AU_LW_V5	MCDO-QA-1	187	2017/09/01 21:06:36.000000000	1709010165
AU_LW_V5	MCD-QA-1	187	2017/09/01 21:06:36.000000000	1709010165
AU_LW_V5	MCD-QA-4	187	2017/09/01 21:06:36.000000000	1709010165
AU_LW_V5	METR-AD-3	188	2017/09/01 21:06:36.000000000	1709010165
AU_LW_V5	METR-ST-1	188	2017/09/01 21:06:36.000000000	1709010165
AU_LW_V5	METR-AD-1	188	2017/09/01 21:06:36.000000000	1709010165
AU_LW_V5	IGA-QA-2	188	2017/09/01 21:06:36.000000000	1709010165
AU_LW_V5	METR-AD-2	188	2017/09/01 21:06:36.000000000	1709010165
AU_LW_V5	METR-AD-4	188	2017/09/01 21:06:36.000000000	1709010165
AU_LW_V5	FLF-QA-1	188	2017/09/01 21:06:36.000000000	1709010165
AU_LW_V5	MINE-AD-1	189	2017/09/01 21:06:36.000000000	1709010165
AU_LW_V5	MIAU-AD-1	189	2017/09/01 21:06:36.000000000	1709010165
AU_LW_V5	MOII-AD-2	190	2017/09/01 21:06:36.000000000	1709010165
AU_LW_V5	MOII-AD-1	190	2017/09/01 21:06:36.000000000	1709010165
AU_LW_V5	MOI-QA-1	190	2017/09/01 21:06:36.000000000	1709010165
AU_LW_V5	MASH-QA-1	191	2017/09/01 21:06:36.000000000	1709010165
AU_LW_V5	MOUN-QA-1	191	2017/09/01 21:06:36.000000000	1709010165
AU_LW_V5	KRAF-RD-3	192	2017/09/01 21:06:36.000000000	1709010165
AU_LW_V5	KRAF-RD-4	192	2017/09/01 21:06:36.000000000	1709010165
AU_LW_V5	KRAF-RD-1	192	2017/09/01 21:06:36.000000000	1709010165
AU_LW_V5	KRAF-RD-2	192	2017/09/01 21:06:36.000000000	1709010165
AU_LW_V5	BERJ-AD-1	193	2017/09/01 21:06:36.000000000	1709010165
AU_LW_V5	OUBE-AD-1	193	2017/09/01 21:06:36.000000000	1709010165
AU_LW_V5	MTBA-RD-1	194	2017/09/01 21:06:36.000000000	1709010165
AU_LW_V5	MTBA-QA-1	194	2017/09/01 21:06:36.000000000	1709010165
AU_LW_V5	MTBA-QA-2	194	2017/09/01 21:06:36.000000000	1709010165
AU_LW_V5	NATF-QA-1	195	2017/09/01 21:06:36.000000000	1709010165
AU_LW_V5	NATF-QA-2	195	2017/09/01 21:06:36.000000000	1709010165
AU_LW_V5	MMPL-QA-1	195	2017/09/01 21:06:36.000000000	1709010165
AU_LW_V5	NATI-QA-3	195	2017/09/01 21:06:36.000000000	1709010165
AU_LW_V5	NATF-QA-9	195	2017/09/01 21:06:36.000000000	1709010165
AU_LW_V5	NATF-QA-6	195	2017/09/01 21:06:36.000000000	1709010165
AU_LW_V5	NATI-QA-4	195	2017/09/01 21:06:36.000000000	1709010165
AU_LW_V5	NATI-QA-2	195	2017/09/01 21:06:36.000000000	1709010165
AU_LW_V5	NATI-QA-1	195	2017/09/01 21:06:36.000000000	1709010165
AU_LW_V5	NATF-QA-8	195	2017/09/01 21:06:36.000000000	1709010165
AU_LW_V5	NATF-QA-7	195	2017/09/01 21:06:36.000000000	1709010165
AU_LW_V5	MULT-QA-1	195	2017/09/01 21:06:36.000000000	1709010165
AU_LW_V5	NATF-QA-4	195	2017/09/01 21:06:36.000000000	1709010165
AU_LW_V5	MUGO-AD-1	196	2017/09/01 21:06:36.000000000	1709010165
AU_LW_V5	MURG-QA-1	196	2017/09/01 21:06:36.000000000	1709010165
AU_LW_V5	MGOR-QA-1	196	2017/09/01 21:06:36.000000000	1709010165
AU_LW_V5	MURG-QA-2	196	2017/09/01 21:06:36.000000000	1709010165
AU_LW_V5	MUGO-AD-3	196	2017/09/01 21:06:36.000000000	1709010165
AU_LW_V5	MUGO-AD-2	196	2017/09/01 21:06:36.000000000	1709010165
AU_LW_V5	MUEX-AD-1	197	2017/09/01 21:06:36.000000000	1709010165
AU_LW_V5	CHIQ-QA-1	197	2017/09/01 21:06:36.000000000	1709010165
AU_LW_V5	COLE-AD-7	198	2017/09/01 21:06:36.000000000	1709010165
AU_LW_V5	CLSA-AD-1	198	2017/09/01 21:06:36.000000000	1709010165
AU_LW_V5	NAL-QA-1	199	2017/09/01 21:06:36.000000000	1709010165
AU_LW_V5	NALC-AD-1	199	2017/09/01 21:06:36.000000000	1709010165
AU_LW_V5	NMI-AD-1	200	2017/09/01 21:06:36.000000000	1709010165
AU_LW_V5	NMIN-AD-2	200	2017/09/01 21:06:36.000000000	1709010165
AU_LW_V5	NMIN-AD-1	200	2017/09/01 21:06:36.000000000	1709010165
AU_LW_V5	NATS-AD-1	201	2017/09/01 21:06:36.000000000	1709010165
AU_LW_V5	NAST-AD-1	201	2017/09/01 21:06:36.000000000	1709010165
AU_LW_V5	NEST-QA-2	202	2017/09/01 21:06:36.000000000	1709010165
AU_LW_V5	NEST-QA-4	202	2017/09/01 21:06:36.000000000	1709010165
AU_LW_V5	NEST-QA-3	202	2017/09/01 21:06:36.000000000	1709010165
AU_LW_V5	NEST-QA-1	202	2017/09/01 21:06:36.000000000	1709010165
AU_LW_V5	MARF-AD-1	203	2017/09/01 21:06:36.000000000	1709010165
AU_LW_V5	MAF-QA-1	203	2017/09/01 21:06:36.000000000	1709010165
AU_LW_V5	NGAR-AD-1	204	2017/09/01 21:06:36.000000000	1709010165
AU_LW_V5	LEIG-AD-1	204	2017/09/01 21:06:36.000000000	1709010165
AU_LW_V5	NORC-QA-2	205	2017/09/01 21:06:36.000000000	1709010165
AU_LW_V5	NORC-QA-4	205	2017/09/01 21:06:36.000000000	1709010165
AU_LW_V5	NORC-QA-1	205	2017/09/01 21:06:36.000000000	1709010165
AU_LW_V5	NORC-QA-3	205	2017/09/01 21:06:36.000000000	1709010165
AU_LW_V5	NOWR-CH-1	206	2017/09/01 21:06:36.000000000	1709010165
AU_LW_V5	NCM-QA-1	206	2017/09/01 21:06:36.000000000	1709010165
AU_LW_V5	NUIN-QA-1	207	2017/09/01 21:06:36.000000000	1709010165
AU_LW_V5	NUPL-AD-1	207	2017/09/01 21:06:36.000000000	1709010165
AU_LW_V5	NUIN-AD-1	207	2017/09/01 21:06:36.000000000	1709010165
AU_LW_V5	NUTR-AD-3	208	2017/09/01 21:06:36.000000000	1709010165
AU_LW_V5	NUTR-AD-1	208	2017/09/01 21:06:36.000000000	1709010165
AU_LW_V5	OEH-MB-1	209	2017/09/01 21:06:36.000000000	1709010165
AU_LW_V5	DECS-AD-2	209	2017/09/01 21:06:36.000000000	1709010165
AU_LW_V5	OLA-AD-1	210	2017/09/01 21:06:36.000000000	1709010165
AU_LW_V5	OLAR-AD-1	210	2017/09/01 21:06:36.000000000	1709010165
AU_LW_V5	OPWM-MB-1	211	2017/09/01 21:06:36.000000000	1709010165
AU_LW_V5	OPWP-AD-1	211	2017/09/01 21:06:36.000000000	1709010165
AU_LW_V5	ORIE-QA-1	212	2017/09/01 21:06:36.000000000	1709010165
AU_LW_V5	ORIE-AD-1	212	2017/09/01 21:06:36.000000000	1709010165
AU_LW_V5	OPC-QA-1	213	2017/09/01 21:06:36.000000000	1709010165
AU_LW_V5	ORPC-QA-1	213	2017/09/01 21:06:36.000000000	1709010165
AU_LW_V5	ORIO-QA-2	214	2017/09/01 21:06:36.000000000	1709010165
AU_LW_V5	ORIO-QA-1	214	2017/09/01 21:06:36.000000000	1709010165
AU_LW_V5	AMCA-AD-1	215	2017/09/01 21:06:36.000000000	1709010165
AU_LW_V5	COMP-AD-20	70	2017/09/01 21:06:36.000000000	1709010165
AU_LW_V5	COMP-AD-22	70	2017/09/01 21:06:36.000000000	1709010165
AU_LW_V5	COMP-AD-24	70	2017/09/01 21:06:36.000000000	1709010165
AU_LW_V5	COMP-AD-26	70	2017/09/01 21:06:36.000000000	1709010165
AU_LW_V5	COMP-AD-28	70	2017/09/01 21:06:36.000000000	1709010165
AU_LW_V5	COMP-AD-3	70	2017/09/01 21:06:36.000000000	1709010165
AU_LW_V5	COMP-AD-31	70	2017/09/01 21:06:36.000000000	1709010165
AU_LW_V5	COMP-AD-33	70	2017/09/01 21:06:36.000000000	1709010165
AU_LW_V5	COMP-AD-36	70	2017/09/01 21:06:36.000000000	1709010165
AU_LW_V5	COMP-AD-13	70	2017/09/01 21:06:36.000000000	1709010165
AU_LW_V5	COMP-AD-27	70	2017/09/01 21:06:36.000000000	1709010165
AU_LW_V5	COMP-AD-38	70	2017/09/01 21:06:36.000000000	1709010165
AU_LW_V5	COMP-AD-45	70	2017/09/01 21:06:36.000000000	1709010165
AU_LW_V5	COMP-AD-51	70	2017/09/01 21:06:36.000000000	1709010165
AU_LW_V5	MESA-AD-1	70	2017/09/01 21:06:36.000000000	1709010165
AU_LW_V5	COMP-AD-11	70	2017/09/01 21:06:36.000000000	1709010165
AU_LW_V5	COMP-AD-25	70	2017/09/01 21:06:36.000000000	1709010165
AU_LW_V5	COMP-AD-4	71	2017/09/01 21:06:36.000000000	1709010165
AU_LW_V5	CCUS-AD-1	72	2017/09/01 21:06:36.000000000	1709010165
AU_LW_V5	COCU-QA-1	72	2017/09/01 21:06:36.000000000	1709010165
AU_LW_V5	CONG-CH-1	73	2017/09/01 21:06:36.000000000	1709010165
AU_LW_V5	CONG-AD-2	73	2017/09/01 21:06:36.000000000	1709010165
AU_LW_V5	CONG-AD-1	73	2017/09/01 21:06:36.000000000	1709010165
AU_LW_V5	CONG-MB-1	73	2017/09/01 21:06:36.000000000	1709010165
AU_LW_V5	CORD-QA-1	74	2017/09/01 21:06:36.000000000	1709010165
AU_LW_V5	CORD-QA-2	74	2017/09/01 21:06:36.000000000	1709010165
AU_LW_V5	COJO-AD-1	75	2017/09/01 21:06:36.000000000	1709010165
AU_LW_V5	CORY-AD-1	75	2017/09/01 21:06:36.000000000	1709010165
AU_LW_V5	CMF-AD-1	76	2017/09/01 21:06:36.000000000	1709010165
AU_LW_V5	CRAI-AD-3	76	2017/09/01 21:06:36.000000000	1709010165
AU_LW_V5	CRAI-AD-2	76	2017/09/01 21:06:36.000000000	1709010165
AU_LW_V5	CRAI-AD-1	76	2017/09/01 21:06:36.000000000	1709010165
AU_LW_V5	CURT-AD-3	77	2017/09/01 21:06:36.000000000	1709010165
AU_LW_V5	CURT-AD-4	77	2017/09/01 21:06:36.000000000	1709010165
AU_LW_V5	CURT-AD-2	77	2017/09/01 21:06:36.000000000	1709010165
AU_LW_V5	CURT-AD-1	77	2017/09/01 21:06:36.000000000	1709010165
AU_LW_V5	SLBA-AD-3	78	2017/09/01 21:06:36.000000000	1709010165
AU_LW_V5	SLBA-AD-1	78	2017/09/01 21:06:36.000000000	1709010165
AU_LW_V5	SLBA-AD-2	78	2017/09/01 21:06:36.000000000	1709010165
AU_LW_V5	AQIT-AD-1	79	2017/09/01 21:06:36.000000000	1709010165
AU_LW_V5	DAFF-AD-1	79	2017/09/01 21:06:36.000000000	1709010165
AU_LW_V5	DEAF-CH-1	79	2017/09/01 21:06:36.000000000	1709010165
AU_LW_V5	AQIS-AD-1	79	2017/09/01 21:06:36.000000000	1709010165
AU_LW_V5	DEAR-QA-1	79	2017/09/01 21:06:36.000000000	1709010165
AU_LW_V5	DBEL-QA-2	80	2017/09/01 21:06:36.000000000	1709010165
AU_LW_V5	DBEL-QA-1	80	2017/09/01 21:06:36.000000000	1709010165
AU_LW_V5	DANI-CH-1	81	2017/09/01 21:06:36.000000000	1709010165
AU_LW_V5	DANI-QA-2	81	2017/09/01 21:06:36.000000000	1709010165
AU_LW_V5	DANI-QA-1	81	2017/09/01 21:06:36.000000000	1709010165
AU_LW_V5	DANU-MB-1	82	2017/09/01 21:06:36.000000000	1709010165
AU_LW_V5	DANO-AD-1	82	2017/09/01 21:06:36.000000000	1709010165
AU_LW_V5	DANO-AD-2	82	2017/09/01 21:06:36.000000000	1709010165
AU_LW_V5	DEPI-QA-2	83	2017/09/01 21:06:36.000000000	1709010165
AU_LW_V5	DEPI-QA-1	83	2017/09/01 21:06:36.000000000	1709010165
AU_LW_V5	CORR-AD-2	84	2017/09/01 21:06:36.000000000	1709010165
AU_LW_V5	CORR-AD-1	84	2017/09/01 21:06:36.000000000	1709010165
AU_LW_V5	DIRE-AD-3	85	2017/09/01 21:06:36.000000000	1709010165
AU_LW_V5	DIRE-AD-1	85	2017/09/01 21:06:36.000000000	1709010165
AU_LW_V5	DIRE-AD-2	85	2017/09/01 21:06:36.000000000	1709010165
AU_LW_V5	DKSH-QA-1	86	2017/09/01 21:06:36.000000000	1709010165
AU_LW_V5	DKSH-QA-2	86	2017/09/01 21:06:36.000000000	1709010165
AU_LW_V5	DOMI-QA-1	87	2017/09/01 21:06:36.000000000	1709010165
AU_LW_V5	DOM-QA-1	87	2017/09/01 21:06:36.000000000	1709010165
AU_LW_V5	KRC-RD-1	88	2017/09/01 21:06:36.000000000	1709010165
AU_LW_V5	KRC-QA-1	88	2017/09/01 21:06:36.000000000	1709010165
AU_LW_V5	DONK-AD-1	88	2017/09/01 21:06:36.000000000	1709010165
AU_LW_V5	DONS-QA-1	88	2017/09/01 21:06:36.000000000	1709010165
AU_LW_V5	KRC-QA-2	88	2017/09/01 21:06:36.000000000	1709010165
AU_LW_V5	CJRS-QA-1	89	2017/09/01 21:06:36.000000000	1709010165
AU_LW_V5	DOHO-AD-1	89	2017/09/01 21:06:36.000000000	1709010165
AU_LW_V5	DORS-QA-1	90	2017/09/01 21:06:36.000000000	1709010165
AU_LW_V5	DORS-QA-2	90	2017/09/01 21:06:36.000000000	1709010165
AU_LW_V5	DRRN-AD-1	91	2017/09/01 21:06:36.000000000	1709010165
AU_LW_V5	RENU-CH-1	91	2017/09/01 21:06:36.000000000	1709010165
AU_LW_V5	DSCH-AD-1	92	2017/09/01 21:06:36.000000000	1709010165
AU_LW_V5	DSCH-MB-1	92	2017/09/01 21:06:36.000000000	1709010165
AU_LW_V5	DSM-QA-2	93	2017/09/01 21:06:36.000000000	1709010165
AU_LW_V5	DSMF-QA-1	93	2017/09/01 21:06:36.000000000	1709010165
AU_LW_V5	DSVA-AD-1	94	2017/09/01 21:06:36.000000000	1709010165
AU_LW_V5	DSVA-AD-2	94	2017/09/01 21:06:36.000000000	1709010165
AU_LW_V5	MUIR-AD-1	95	2017/09/01 21:06:36.000000000	1709010165
AU_LW_V5	EMAS-AD-1	95	2017/09/01 21:06:36.000000000	1709010165
AU_LW_V5	EAHE-QA-2	96	2017/09/01 21:06:36.000000000	1709010165
AU_LW_V5	EAHE-QA-1	96	2017/09/01 21:06:36.000000000	1709010165
AU_LW_V5	ECOL-QA-1	97	2017/09/01 21:06:36.000000000	1709010165
AU_LW_V5	ECOLA-QA-1	97	2017/09/01 21:06:36.000000000	1709010165
AU_LW_V5	ECOL-AD-2	97	2017/09/01 21:06:36.000000000	1709010165
AU_LW_V5	ECOL-AD-1	97	2017/09/01 21:06:36.000000000	1709010165
AU_LW_V5	ECOL-AD-3	97	2017/09/01 21:06:36.000000000	1709010165
AU_LW_V5	ECOLA-QA-2	97	2017/09/01 21:06:36.000000000	1709010165
AU_LW_V5	ECDT-AD-2	98	2017/09/01 21:06:36.000000000	1709010165
AU_LW_V5	ECDT-AD-1	98	2017/09/01 21:06:36.000000000	1709010165
AU_LW_V5	EDFO-AD-1	99	2017/09/01 21:06:36.000000000	1709010165
AU_LW_V5	EDLY-QA-1	99	2017/09/01 21:06:36.000000000	1709010165
AU_LW_V5	EGPH-MB-1	100	2017/09/01 21:06:36.000000000	1709010165
AU_LW_V5	EGOP-MB-1	100	2017/09/01 21:06:36.000000000	1709010165
AU_LW_V5	EML-QA-2	101	2017/09/01 21:06:36.000000000	1709010165
AU_LW_V5	EML-QA-1	101	2017/09/01 21:06:36.000000000	1709010165
AU_LW_V5	ENLA-MB-2	102	2017/09/01 21:06:36.000000000	1709010165
AU_LW_V5	ENSI-QA-1	102	2017/09/01 21:06:36.000000000	1709010165
AU_LW_V5	ENLA-MB-1	102	2017/09/01 21:06:36.000000000	1709010165
AU_LW_V5	ENSR-AD-3	103	2017/09/01 21:06:36.000000000	1709010165
AU_LW_V5	ENSR-AD-1	103	2017/09/01 21:06:36.000000000	1709010165
AU_LW_V5	ENSR-AD-2	103	2017/09/01 21:06:36.000000000	1709010165
AU_LW_V5	EUROF-MB-1	104	2017/09/01 21:06:36.000000000	1709010165
AU_LW_V5	EUROF-QA-1	104	2017/09/01 21:06:36.000000000	1709010165
AU_LW_V5	FIBT-AD-1	105	2017/09/01 21:06:36.000000000	1709010165
AU_LW_V5	FIBT-AD-2	105	2017/09/01 21:06:36.000000000	1709010165
AU_LW_V5	FLET-AD-2	106	2017/09/01 21:06:36.000000000	1709010165
AU_LW_V5	FLET-QA-2	106	2017/09/01 21:06:36.000000000	1709010165
AU_LW_V5	FOBR-QA-1	107	2017/09/01 21:06:36.000000000	1709010165
AU_LW_V5	FONT-AD-5	107	2017/09/01 21:06:36.000000000	1709010165
AU_LW_V5	FONT-AD-4	107	2017/09/01 21:06:36.000000000	1709010165
AU_LW_V5	FONT-AD-1	107	2017/09/01 21:06:36.000000000	1709010165
AU_LW_V5	FONT-AD-3	107	2017/09/01 21:06:36.000000000	1709010165
AU_LW_V5	FRES-AD-2	108	2017/09/01 21:06:36.000000000	1709010165
AU_LW_V5	FRES-AD-1	108	2017/09/01 21:06:36.000000000	1709010165
AU_LW_V5	FTA-AD-2	109	2017/09/01 21:06:36.000000000	1709010165
AU_LW_V5	FTA-AD-1	109	2017/09/01 21:06:36.000000000	1709010165
AU_LW_V5	GAME-QA-2	110	2017/09/01 21:06:36.000000000	1709010165
AU_LW_V5	GAME-QA-1	110	2017/09/01 21:06:36.000000000	1709010165
AU_LW_V5	GAGO-QA-4	111	2017/09/01 21:06:36.000000000	1709010165
AU_LW_V5	GAGO-QA-1	111	2017/09/01 21:06:36.000000000	1709010165
AU_LW_V5	GAGO-QA-3	111	2017/09/01 21:06:36.000000000	1709010165
AU_LW_V5	GAGO-QA-7	111	2017/09/01 21:06:36.000000000	1709010165
AU_LW_V5	GAGO-QA-5	111	2017/09/01 21:06:36.000000000	1709010165
AU_LW_V5	GAGO-QA-2	111	2017/09/01 21:06:36.000000000	1709010165
AU_LW_V5	GAGO-QA-6	111	2017/09/01 21:06:36.000000000	1709010165
AU_LW_V5	GBCO-AD-2	112	2017/09/01 21:06:36.000000000	1709010165
AU_LW_V5	GBCO-AD-1	112	2017/09/01 21:06:36.000000000	1709010165
AU_LW_V5	GENM-RD-1	113	2017/09/01 21:06:36.000000000	1709010165
AU_LW_V5	GENM-QA-1	113	2017/09/01 21:06:36.000000000	1709010165
AU_LW_V5	GENM-AD-1	113	2017/09/01 21:06:36.000000000	1709010165
AU_LW_V5	GWT-AD-1	114	2017/09/01 21:06:36.000000000	1709010165
AU_LW_V5	GWT-CH-1	114	2017/09/01 21:06:36.000000000	1709010165
AU_LW_V5	GWT-MB-1	114	2017/09/01 21:06:36.000000000	1709010165
AU_LW_V5	SYMB-QA-1	114	2017/09/01 21:06:36.000000000	1709010165
AU_LW_V5	SYAL-MB-1	114	2017/09/01 21:06:36.000000000	1709010165
AU_LW_V5	GLAXO-QA-3	115	2017/09/01 21:06:36.000000000	1709010165
AU_LW_V5	GLAXO-QA-4	115	2017/09/01 21:06:36.000000000	1709010165
AU_LW_V5	GLAXO-QA-2	115	2017/09/01 21:06:36.000000000	1709010165
AU_LW_V5	GLAXO-QA-1	115	2017/09/01 21:06:36.000000000	1709010165
AU_LW_V5	GLFO-MB-1	116	2017/09/01 21:06:36.000000000	1709010165
AU_LW_V5	GLFO-MB-2	116	2017/09/01 21:06:36.000000000	1709010165
AU_LW_V5	GMT-CH-1	117	2017/09/01 21:06:36.000000000	1709010165
AU_LW_V5	GMT-QA-1	117	2017/09/01 21:06:36.000000000	1709010165
AU_LW_V5	GMS-QA-1	118	2017/09/01 21:06:36.000000000	1709010165
AU_LW_V5	GMS-QA-2	118	2017/09/01 21:06:36.000000000	1709010165
AU_LW_V5	GMP-QA-1	119	2017/09/01 21:06:36.000000000	1709010165
AU_LW_V5	GMP-CH-1	119	2017/09/01 21:06:36.000000000	1709010165
AU_LW_V5	GFBA-AD-2	120	2017/09/01 21:06:36.000000000	1709010165
AU_LW_V5	GFCG-QA-1	120	2017/09/01 21:06:36.000000000	1709010165
AU_LW_V5	GFT-AD-1	120	2017/09/01 21:06:36.000000000	1709010165
AU_LW_V5	GOCL-AD-1	120	2017/09/01 21:06:36.000000000	1709010165
AU_LW_V5	GOFI-CH-1	120	2017/09/01 21:06:36.000000000	1709010165
AU_LW_V5	GFBA-AD-1	120	2017/09/01 21:06:36.000000000	1709010165
AU_LW_V5	GFBA-QA-1	120	2017/09/01 21:06:36.000000000	1709010165
AU_LW_V5	GFCG-QA-2	120	2017/09/01 21:06:36.000000000	1709010165
AU_LW_V5	GOFI-AD-1	120	2017/09/01 21:06:36.000000000	1709010165
AU_LW_V5	GOFI-RD-1	120	2017/09/01 21:06:36.000000000	1709010165
AU_LW_V5	GOCH-QA-1	121	2017/09/01 21:06:36.000000000	1709010165
AU_LW_V5	GOCH-CH-1	121	2017/09/01 21:06:36.000000000	1709010165
AU_LW_V5	BRI-CH-2	122	2017/09/01 21:06:36.000000000	1709010165
EU_LW_V5	LACTA-1	1	2017/09/01 21:06:36.000000000	1709010165
NA_LW_V5	LACT-AD-1	1	2015/11/07 07:43:18.000000000	F_EMMPER
NA_LW_V5	LACT-AD-8	1	2015/11/07 07:43:18.000000000	F_EMMPER
NA_LW_V5	MOZZ-QA-1	1	2015/11/07 07:43:18.000000000	F_EMMPER
NA_LW_V5	ROND-QA-1	1	2015/11/07 07:43:18.000000000	F_EMMPER
NA_LW_V5	SORR-AD-1	1	2015/11/07 07:43:18.000000000	F_EMMPER
NA_LW_V5	SORR-QA-2	1	2015/11/07 07:43:18.000000000	F_EMMPER
NA_LW_V5	SORR-QA-3	1	2015/11/07 07:43:18.000000000	F_EMMPER
NA_LW_V5	SORR-QA-5	1	2015/11/07 07:43:18.000000000	F_EMMPER
NA_LW_V5	SORR-QA-6	1	2015/11/07 07:43:18.000000000	F_EMMPER
LIMS_ITALY	78951	1	2015/11/07 07:43:18.000000000	F_EMMPER
LIMS_ITALY	78952	1	2015/11/07 07:43:18.000000000	F_EMMPER
LIMS_ITALY	81664	1	2015/11/07 07:43:18.000000000	F_EMMPER
LIMS_ITALY	82537	1	2015/11/07 07:43:18.000000000	F_EMMPER
LIMS_ITALY	82888	1	2015/11/07 07:43:18.000000000	F_EMMPER
LIMS_ITALY	83369	1	2015/11/07 07:43:19.000000000	F_EMMPER
LIMS_ITALY	84313	1	2015/11/07 07:43:19.000000000	F_EMMPER
LIMS_ITALY	84314	1	2015/11/07 07:43:19.000000000	F_EMMPER
LIMS_ITALY	84564	1	2015/11/07 07:43:19.000000000	F_EMMPER
LIMS_ITALY	84782	1	2015/11/07 07:43:19.000000000	F_EMMPER
LIMS_ITALY	91326	1	2015/11/07 07:43:19.000000000	F_EMMPER
LIMS_SPAIN	00424	1	2015/11/07 07:43:19.000000000	F_EMMPER
LIMS_SPAIN	00679	1	2015/11/07 07:43:19.000000000	F_EMMPER
LIMS_SPAIN	01539	1	2015/11/07 07:43:19.000000000	F_EMMPER
LIMS_SPAIN	01549	1	2015/11/07 07:43:19.000000000	F_EMMPER
LIMS_SPAIN	01551	1	2015/11/07 07:43:19.000000000	F_EMMPER
LIMS_SPAIN	02545	1	2015/11/07 07:43:19.000000000	F_EMMPER
LIMS_SPAIN	02658	1	2015/11/07 07:43:19.000000000	F_EMMPER
LIMS_SPAIN	02925	1	2015/11/07 07:43:19.000000000	F_EMMPER
LIMS_SPAIN	02959	1	2015/11/07 07:43:19.000000000	F_EMMPER
LIMS_SPAIN	03695	1	2015/11/07 07:43:19.000000000	F_EMMPER
LIMS_SPAIN	03722	1	2015/11/07 07:43:19.000000000	F_EMMPER
LIMS_SPAIN	03764	1	2015/11/07 07:43:19.000000000	F_EMMPER
LIMS_SPAIN	03850	1	2015/11/07 07:43:20.000000000	F_EMMPER
LIMS_SPAIN	04190	1	2015/11/07 07:43:20.000000000	F_EMMPER
LIMS_SPAIN	04790	1	2015/11/07 07:43:20.000000000	F_EMMPER
LIMS_SPAIN	05297	1	2015/11/07 07:43:20.000000000	F_EMMPER
LIMS_SPAIN	05489	1	2015/11/07 07:43:20.000000000	F_EMMPER
LIMS_SPAIN	05614	1	2015/11/07 07:43:20.000000000	F_EMMPER
LIMS_SPAIN	06470	1	2015/11/07 07:43:20.000000000	F_EMMPER
LIMS_SPAIN	06549	1	2015/11/07 07:43:20.000000000	F_EMMPER
LIMS_SPAIN	06618	1	2015/11/07 07:43:20.000000000	F_EMMPER
LIMS_SPAIN	08166	1	2015/11/07 07:43:20.000000000	F_EMMPER
LIMS_SPAIN	08688	1	2015/11/07 07:43:20.000000000	F_EMMPER
LIMS_SPAIN	09076	1	2015/11/07 07:43:20.000000000	F_EMMPER
LIMS_ITALY	92132	1	2015/11/07 07:43:20.000000000	F_EMMPER
LIMS_ITALY	94260	1	2015/11/07 07:43:20.000000000	F_EMMPER
LIMS_ITALY	94208	1	2015/11/07 07:43:20.000000000	F_EMMPER
LIMS_ITALY	94256	1	2015/11/07 07:43:20.000000000	F_EMMPER
LIMS_ITALY	94259	1	2015/11/07 07:43:20.000000000	F_EMMPER
LIMS_ITALY	94262	1	2015/11/07 07:43:20.000000000	F_EMMPER
LIMS_ITALY	94257	1	2015/11/07 07:43:20.000000000	F_EMMPER
LIMS_ITALY	94261	1	2015/11/07 07:43:20.000000000	F_EMMPER
LIMS_ITALY	94258	1	2015/11/07 07:43:20.000000000	F_EMMPER
AU_LW_V5	LEMN-QA-1	1	2017/09/01 21:06:36.000000000	1709010165
AU_LW_V5	JICH-QA-1	1	2017/09/01 21:06:36.000000000	1709010165
LIMS_SPAIN	06857	1	2015/11/07 07:43:21.000000000	F_EMMPER
LIMS_ITALY	100057	1	2015/11/07 07:43:21.000000000	F_EMMPER
LIMS_ITALY	95290	1	2015/11/07 07:43:21.000000000	F_EMMPER
AU_LW_V5	BOCO-QA-1	2	2017/09/01 21:06:36.000000000	1709010165
AU_LW_V5	ATPF-QA-1	2	2017/09/01 21:06:36.000000000	1709010165
AU_LW_V5	DONV-QA-1	3	2017/09/01 21:06:36.000000000	1709010165
AU_LW_V5	CHRY-QA-1	3	2017/09/01 21:06:36.000000000	1709010165
AU_LW_V5	ADMA-AD-2	4	2017/09/01 21:06:36.000000000	1709010165
AU_LW_V5	ADMA-AD-1	4	2017/09/01 21:06:36.000000000	1709010165
AU_LW_V5	AAA-AD-1	5	2017/09/01 21:06:36.000000000	1709010165
AU_LW_V5	AAA-AD-2	5	2017/09/01 21:06:36.000000000	1709010165
AU_LW_V5	AAA-AD-3	5	2017/09/01 21:06:36.000000000	1709010165
AU_LW_V5	AAA-CH-1	5	2017/09/01 21:06:36.000000000	1709010165
AU_LW_V5	AFCI-QA-1	6	2017/09/01 21:06:36.000000000	1709010165
AU_LW_V5	AFCI-QA-2	6	2017/09/01 21:06:36.000000000	1709010165
AU_LW_V5	AERO-AD-2	7	2017/09/01 21:06:36.000000000	1709010165
AU_LW_V5	AERO-AD-1	7	2017/09/01 21:06:36.000000000	1709010165
AU_LW_V5	ALDI-STA	8	2017/09/01 21:06:36.000000000	1709010165
AU_LW_V5	ALDI-QA-6	8	2017/09/01 21:06:36.000000000	1709010165
AU_LW_V5	ALDI-QA-5	8	2017/09/01 21:06:36.000000000	1709010165
AU_LW_V5	ALDI-QA-4	8	2017/09/01 21:06:36.000000000	1709010165
AU_LW_V5	ALDI-QA-1	8	2017/09/01 21:06:36.000000000	1709010165
AU_LW_V5	ALDI-MIN	8	2017/09/01 21:06:36.000000000	1709010165
AU_LW_V5	ALDI-DER	8	2017/09/01 21:06:36.000000000	1709010165
AU_LW_V5	ALDI-AQ-2	8	2017/09/01 21:06:36.000000000	1709010165
AU_LW_V5	ALDI-AQ-1	8	2017/09/01 21:06:36.000000000	1709010165
AU_LW_V5	ALDI-ST-1	8	2017/09/01 21:06:36.000000000	1709010165
AU_LW_V5	ALDI-HF-1	8	2017/09/01 21:06:36.000000000	1709010165
AU_LW_V5	ALCA-MB-1	9	2017/09/01 21:06:36.000000000	1709010165
AU_LW_V5	ALCA-MB-2	9	2017/09/01 21:06:36.000000000	1709010165
AU_LW_V5	ALMI-QA-10	10	2017/09/01 21:06:36.000000000	1709010165
AU_LW_V5	ALMI-QA-8	10	2017/09/01 21:06:36.000000000	1709010165
AU_LW_V5	ALMI-QA-7	10	2017/09/01 21:06:36.000000000	1709010165
AU_LW_V5	ALMI-QA-6	10	2017/09/01 21:06:36.000000000	1709010165
AU_LW_V5	ALMI-QA-5	10	2017/09/01 21:06:36.000000000	1709010165
AU_LW_V5	ALMI-QA-4	10	2017/09/01 21:06:36.000000000	1709010165
AU_LW_V5	ALMI-QA-3	10	2017/09/01 21:06:36.000000000	1709010165
AU_LW_V5	ALMI-QA-11	10	2017/09/01 21:06:36.000000000	1709010165
AU_LW_V5	ALMI-QA-1	10	2017/09/01 21:06:36.000000000	1709010165
AU_LW_V5	ALMI-QA-9	10	2017/09/01 21:06:36.000000000	1709010165
AU_LW_V5	ALMI-QA-2	10	2017/09/01 21:06:36.000000000	1709010165
AU_LW_V5	ALPF-AD-4	11	2017/09/01 21:06:36.000000000	1709010165
AU_LW_V5	ALPF-AD-5	11	2017/09/01 21:06:36.000000000	1709010165
AU_LW_V5	ALPF-AD-1	11	2017/09/01 21:06:36.000000000	1709010165
AU_LW_V5	ALPF-AD-2	11	2017/09/01 21:06:36.000000000	1709010165
AU_LW_V5	ALPF-AD-3	11	2017/09/01 21:06:36.000000000	1709010165
AU_LW_V5	ALPH-QA-1	12	2017/09/01 21:06:36.000000000	1709010165
AU_LW_V5	ALPH-PD-1	12	2017/09/01 21:06:36.000000000	1709010165
AU_LW_V5	ALS-CH-1	13	2017/09/01 21:06:36.000000000	1709010165
AU_LW_V5	ALS-CH-2	13	2017/09/01 21:06:36.000000000	1709010165
AU_LW_V5	ALS-MB-1	13	2017/09/01 21:06:36.000000000	1709010165
AU_LW_V5	ALS-MB-4	13	2017/09/01 21:06:36.000000000	1709010165
AU_LW_V5	ALS-MB-5	13	2017/09/01 21:06:36.000000000	1709010165
AU_LW_V5	ALS-AD-2	13	2017/09/01 21:06:36.000000000	1709010165
AU_LW_V5	ECOW-MB-1	13	2017/09/01 21:06:36.000000000	1709010165
AU_LW_V5	ALS-MB-3	13	2017/09/01 21:06:36.000000000	1709010165
AU_LW_V5	ALSL-MB-2	13	2017/09/01 21:06:36.000000000	1709010165
AU_LW_V5	ALS-MB-6	13	2017/09/01 21:06:36.000000000	1709010165
AU_LW_V5	ALSC-MB-3	14	2017/09/01 21:06:36.000000000	1709010165
AU_LW_V5	ALSC-MB-1	14	2017/09/01 21:06:36.000000000	1709010165
AU_LW_V5	ALSC-QA-1	14	2017/09/01 21:06:36.000000000	1709010165
AU_LW_V5	ALSC-MB-2	14	2017/09/01 21:06:36.000000000	1709010165
AU_LW_V5	APL-QA-1	14	2017/09/01 21:06:36.000000000	1709010165
AU_LW_V5	ALSC-MB-4	14	2017/09/01 21:06:36.000000000	1709010165
AU_LW_V5	ANFO-AD-1	15	2017/09/01 21:06:36.000000000	1709010165
AU_LW_V5	ANCH-QA-1	15	2017/09/01 21:06:36.000000000	1709010165
AU_LW_V5	APC-AD-2	16	2017/09/01 21:06:36.000000000	1709010165
AU_LW_V5	APC-AD-1	16	2017/09/01 21:06:36.000000000	1709010165
AU_LW_V5	APS-AD-1	17	2017/09/01 21:06:36.000000000	1709010165
AU_LW_V5	NUIN-AD-2	17	2017/09/01 21:06:36.000000000	1709010165
AU_LW_V5	ASQ-AD-1	18	2017/09/01 21:06:36.000000000	1709010165
AU_LW_V5	ASQI-AD-1	18	2017/09/01 21:06:36.000000000	1709010165
AU_LW_V5	AQUA-AD-2	19	2017/09/01 21:06:36.000000000	1709010165
AU_LW_V5	AQUA-AD-1	19	2017/09/01 21:06:36.000000000	1709010165
AU_LW_V5	ARNO-QA-1	20	2017/09/01 21:06:36.000000000	1709010165
AU_LW_V5	ARNO-QA-3	20	2017/09/01 21:06:36.000000000	1709010165
AU_LW_V5	ARNO-QA-4	20	2017/09/01 21:06:36.000000000	1709010165
AU_LW_V5	ARNO-RD-1	20	2017/09/01 21:06:36.000000000	1709010165
AU_LW_V5	ARNO-PD-1	20	2017/09/01 21:06:36.000000000	1709010165
AU_LW_V5	ARNO-QA-2	20	2017/09/01 21:06:36.000000000	1709010165
AU_LW_V5	ARBL-QA-1	20	2017/09/01 21:06:36.000000000	1709010165
AU_LW_V5	FRES-QA-1	21	2017/09/01 21:06:36.000000000	1709010165
AU_LW_V5	FRES-QA-2	21	2017/09/01 21:06:36.000000000	1709010165
AU_LW_V5	ARYZ-QA-1	21	2017/09/01 21:06:36.000000000	1709010165
AU_LW_V5	ASPH-QA-1	22	2017/09/01 21:06:36.000000000	1709010165
AU_LW_V5	SIGM-MB-1	22	2017/09/01 21:06:36.000000000	1709010165
AU_LW_V5	SIGC-QA-2	22	2017/09/01 21:06:36.000000000	1709010165
AU_LW_V5	SIGB-PD-1	22	2017/09/01 21:06:36.000000000	1709010165
AU_LW_V5	SIGM-MB-2	22	2017/09/01 21:06:36.000000000	1709010165
AU_LW_V5	SIPH-QA-1	22	2017/09/01 21:06:36.000000000	1709010165
AU_LW_V5	SIGB-QA-1	22	2017/09/01 21:06:36.000000000	1709010165
AU_LW_V5	SIGC-QA-1	22	2017/09/01 21:06:36.000000000	1709010165
AU_LW_V5	AGRI-MB-1	23	2017/09/01 21:06:36.000000000	1709010165
AU_LW_V5	AGRI-PD-1	23	2017/09/01 21:06:36.000000000	1709010165
AU_LW_V5	AGRI-CH-1	23	2017/09/01 21:06:36.000000000	1709010165
AU_LW_V5	ACCC-QA-1	24	2017/09/01 21:06:36.000000000	1709010165
AU_LW_V5	ACCC-AD-1	24	2017/09/01 21:06:36.000000000	1709010165
AU_LW_V5	ALMV-AD-1	25	2017/09/01 21:06:36.000000000	1709010165
AU_LW_V5	ALMN-AD-1	25	2017/09/01 21:06:36.000000000	1709010165
AU_LW_V5	ALM-AD-1	25	2017/09/01 21:06:36.000000000	1709010165
AU_LW_V5	ARCBS-AD-1	26	2017/09/01 21:06:36.000000000	1709010165
AU_LW_V5	AURC-CH-1	26	2017/09/01 21:06:36.000000000	1709010165
AU_LW_V5	AWTA-AD-3	27	2017/09/01 21:06:36.000000000	1709010165
AU_LW_V5	AWTA-AD-1	27	2017/09/01 21:06:36.000000000	1709010165
AU_LW_V5	AWTA-MB-1	27	2017/09/01 21:06:36.000000000	1709010165
AU_LW_V5	AUXI-AD-1	28	2017/09/01 21:06:36.000000000	1709010165
AU_LW_V5	AUCO-AD-2	28	2017/09/01 21:06:36.000000000	1709010165
AU_LW_V5	AZURA-QA-1	29	2017/09/01 21:06:36.000000000	1709010165
AU_LW_V5	AZF-QA-1	29	2017/09/01 21:06:36.000000000	1709010165
AU_LW_V5	BART-QA-1	30	2017/09/01 21:06:36.000000000	1709010165
AU_LW_V5	BAIA-QA-1	30	2017/09/01 21:06:36.000000000	1709010165
AU_LW_V5	AMCA-AD-2	215	2017/09/01 21:06:36.000000000	1709010165
AU_LW_V5	OSI-MB-1	216	2017/09/01 21:06:36.000000000	1709010165
AU_LW_V5	OSI-MB-2	216	2017/09/01 21:06:36.000000000	1709010165
AU_LW_V5	OSI-QA-1	216	2017/09/01 21:06:36.000000000	1709010165
AU_LW_V5	PNB-RD-1	217	2017/09/01 21:06:36.000000000	1709010165
AU_LW_V5	PNB-QA-1	217	2017/09/01 21:06:36.000000000	1709010165
AU_LW_V5	PAOR-CH-1	218	2017/09/01 21:06:36.000000000	1709010165
AU_LW_V5	PAOR-AD-1	218	2017/09/01 21:06:36.000000000	1709010165
AU_LW_V5	PRF-QA-1	219	2017/09/01 21:06:36.000000000	1709010165
AU_LW_V5	PRF-AD-1	219	2017/09/01 21:06:36.000000000	1709010165
AU_LW_V5	PACI-AD-2	220	2017/09/01 21:06:36.000000000	1709010165
AU_LW_V5	PWFA-AD-1	220	2017/09/01 21:06:36.000000000	1709010165
AU_LW_V5	PACI-AD-1	220	2017/09/01 21:06:36.000000000	1709010165
AU_LW_V5	PRB-AD-1	221	2017/09/01 21:06:36.000000000	1709010165
AU_LW_V5	PRB-AD-2	221	2017/09/01 21:06:36.000000000	1709010165
AU_LW_V5	PARS-AD-1	222	2017/09/01 21:06:36.000000000	1709010165
AU_LW_V5	PABR-MB-1	222	2017/09/01 21:06:36.000000000	1709010165
AU_LW_V5	PABR-MB-3	222	2017/09/01 21:06:36.000000000	1709010165
AU_LW_V5	PABR-MB-2	222	2017/09/01 21:06:36.000000000	1709010165
AU_LW_V5	AERO-QA-1	223	2017/09/01 21:06:36.000000000	1709010165
AU_LW_V5	PASC-AD-1	223	2017/09/01 21:06:36.000000000	1709010165
AU_LW_V5	PEPT-QA-1	224	2017/09/01 21:06:36.000000000	1709010165
AU_LW_V5	PEPT-QA-2	224	2017/09/01 21:06:36.000000000	1709010165
AU_LW_V5	PFD-AD-1	225	2017/09/01 21:06:36.000000000	1709010165
AU_LW_V5	ACF-QA-5	226	2017/09/01 21:06:36.000000000	1709010165
AU_LW_V5	ACF-QA-6	226	2017/09/01 21:06:36.000000000	1709010165
AU_LW_V5	ACF-QA-3	226	2017/09/01 21:06:36.000000000	1709010165
AU_LW_V5	ACF-QA-2	226	2017/09/01 21:06:36.000000000	1709010165
AU_LW_V5	ACF-QA-1	226	2017/09/01 21:06:36.000000000	1709010165
AU_LW_V5	PFIZ-PD-1	227	2017/09/01 21:06:36.000000000	1709010165
AU_LW_V5	PFIZ-PD-2	227	2017/09/01 21:06:36.000000000	1709010165
AU_LW_V5	PFIZ-MB-1	227	2017/09/01 21:06:36.000000000	1709010165
AU_LW_V5	PFIZ-QA-1	227	2017/09/01 21:06:36.000000000	1709010165
AU_LW_V5	PION-AD-1	228	2017/09/01 21:06:36.000000000	1709010165
AU_LW_V5	PPOU-AD-1	228	2017/09/01 21:06:36.000000000	1709010165
AU_LW_V5	PODR-AD-3	229	2017/09/01 21:06:36.000000000	1709010165
AU_LW_V5	PODR-AD-2	229	2017/09/01 21:06:36.000000000	1709010165
AU_LW_V5	PODR-AD-1	229	2017/09/01 21:06:36.000000000	1709010165
AU_LW_V5	POWE-AD-2	230	2017/09/01 21:06:36.000000000	1709010165
AU_LW_V5	POWE-AD-1	230	2017/09/01 21:06:36.000000000	1709010165
AU_LW_V5	PRENS-AD-2	231	2017/09/01 21:06:36.000000000	1709010165
AU_LW_V5	PRENS-AD-1	231	2017/09/01 21:06:36.000000000	1709010165
AU_LW_V5	PRSM-AD-1	232	2017/09/01 21:06:36.000000000	1709010165
AU_LW_V5	PRMF-QA-1	233	2017/09/01 21:06:36.000000000	1709010165
AU_LW_V5	PRMF-PD-1	233	2017/09/01 21:06:36.000000000	1709010165
AU_LW_V5	CFWA-QA-1	233	2017/09/01 21:06:36.000000000	1709010165
AU_LW_V5	SAFR-PD-1	233	2017/09/01 21:06:36.000000000	1709010165
AU_LW_V5	SAFR-QA-1	233	2017/09/01 21:06:36.000000000	1709010165
AU_LW_V5	MRCO-QA-2	233	2017/09/01 21:06:36.000000000	1709010165
AU_LW_V5	PRCR-AD-1	234	2017/09/01 21:06:36.000000000	1709010165
AU_LW_V5	PROB-QA-2	235	2017/09/01 21:06:36.000000000	1709010165
AU_LW_V5	PROB-QA-1	235	2017/09/01 21:06:36.000000000	1709010165
AU_LW_V5	PROB-PD-1	235	2017/09/01 21:06:36.000000000	1709010165
AU_LW_V5	QFCL-QA-3	236	2017/09/01 21:06:36.000000000	1709010165
AU_LW_V5	QCAT-QA-1	236	2017/09/01 21:06:36.000000000	1709010165
AU_LW_V5	QFCL-QA-1	236	2017/09/01 21:06:36.000000000	1709010165
AU_LW_V5	QCAT-QA-4	236	2017/09/01 21:06:36.000000000	1709010165
AU_LW_V5	QFCL-QA-2	236	2017/09/01 21:06:36.000000000	1709010165
AU_LW_V5	QCAT-QA-2	236	2017/09/01 21:06:36.000000000	1709010165
AU_LW_V5	QCAT-QA-3	236	2017/09/01 21:06:36.000000000	1709010165
AU_LW_V5	QAAI-AD-1	237	2017/09/01 21:06:36.000000000	1709010165
AU_LW_V5	QAAI-QA-1	237	2017/09/01 21:06:36.000000000	1709010165
AU_LW_V5	QAIR-QA-2	237	2017/09/01 21:06:36.000000000	1709010165
AU_LW_V5	QAIR-QA-1	237	2017/09/01 21:06:36.000000000	1709010165
AU_LW_V5	QEDE-AD-1	238	2017/09/01 21:06:36.000000000	1709010165
AU_LW_V5	QEDE-AD-2	238	2017/09/01 21:06:36.000000000	1709010165
AU_LW_V5	QED-AD-1	238	2017/09/01 21:06:36.000000000	1709010165
AU_LW_V5	QSRH-PD-1	239	2017/09/01 21:06:36.000000000	1709010165
AU_LW_V5	QSRH-AD-1	239	2017/09/01 21:06:36.000000000	1709010165
AU_LW_V5	QUAL-AD-2	240	2017/09/01 21:06:36.000000000	1709010165
AU_LW_V5	QUAL-AD-1	240	2017/09/01 21:06:36.000000000	1709010165
AU_LW_V5	QAIN-QA-2	241	2017/09/01 21:06:36.000000000	1709010165
AU_LW_V5	QAIN-QA-1	241	2017/09/01 21:06:36.000000000	1709010165
AU_LW_V5	RWTR-QA-2	242	2017/09/01 21:06:36.000000000	1709010165
AU_LW_V5	RWTR-QA-1	242	2017/09/01 21:06:36.000000000	1709010165
AU_LW_V5	RWTR-QA-3	242	2017/09/01 21:06:36.000000000	1709010165
AU_LW_V5	RWTR-AD-1	242	2017/09/01 21:06:36.000000000	1709010165
AU_LW_V5	REDC-AD-1	243	2017/09/01 21:06:36.000000000	1709010165
AU_LW_V5	REDC-AD-2	243	2017/09/01 21:06:36.000000000	1709010165
AU_LW_V5	RENT-QA-1	244	2017/09/01 21:06:36.000000000	1709010165
AU_LW_V5	RENT-QA-2	244	2017/09/01 21:06:36.000000000	1709010165
AU_LW_V5	RICH-QA-1	245	2017/09/01 21:06:36.000000000	1709010165
AU_LW_V5	RICH-QA-2	245	2017/09/01 21:06:36.000000000	1709010165
AU_LW_V5	PILB-AD-1	246	2017/09/01 21:06:36.000000000	1709010165
AU_LW_V5	RIOT-AD-1	246	2017/09/01 21:06:36.000000000	1709010165
AU_LW_V5	ROBE-AD-1	247	2017/09/01 21:06:36.000000000	1709010165
AU_LW_V5	ROCK-AD-2	247	2017/09/01 21:06:36.000000000	1709010165
AU_LW_V5	RPH-AD-2	248	2017/09/01 21:06:36.000000000	1709010165
AU_LW_V5	RPH-AD-1	248	2017/09/01 21:06:36.000000000	1709010165
AU_LW_V5	RYDG-AD-1	249	2017/09/01 21:06:36.000000000	1709010165
AU_LW_V5	RYDG-AD-2	249	2017/09/01 21:06:36.000000000	1709010165
AU_LW_V5	SHF-QA-1	250	2017/09/01 21:06:36.000000000	1709010165
AU_LW_V5	SANIT-QA-1	250	2017/09/01 21:06:36.000000000	1709010165
AU_LW_V5	SCAL-QA-3	251	2017/09/01 21:06:36.000000000	1709010165
AU_LW_V5	SCAL-QA-2	251	2017/09/01 21:06:36.000000000	1709010165
AU_LW_V5	SCAL-QA-1	251	2017/09/01 21:06:36.000000000	1709010165
AU_LW_V5	SCPA-QA-1	252	2017/09/01 21:06:36.000000000	1709010165
AU_LW_V5	SPAC-QA-1	252	2017/09/01 21:06:36.000000000	1709010165
AU_LW_V5	SCPA-RD-1	252	2017/09/01 21:06:36.000000000	1709010165
AU_LW_V5	SPL-QA-1	253	2017/09/01 21:06:36.000000000	1709010165
AU_LW_V5	SCPL-MB-1	253	2017/09/01 21:06:36.000000000	1709010165
AU_LW_V5	SCHE-QC-1	253	2017/09/01 21:06:36.000000000	1709010165
AU_LW_V5	SCHW-AD-2	254	2017/09/01 21:06:36.000000000	1709010165
AU_LW_V5	PNBE-QA-1	254	2017/09/01 21:06:36.000000000	1709010165
AU_LW_V5	SCHW-AD-1	254	2017/09/01 21:06:36.000000000	1709010165
AU_LW_V5	SENT-QA-1	255	2017/09/01 21:06:36.000000000	1709010165
AU_LW_V5	SENT-QA-2	255	2017/09/01 21:06:36.000000000	1709010165
AU_LW_V5	SGSA-AD-1	256	2017/09/01 21:06:36.000000000	1709010165
AU_LW_V5	SGS-AD-1	256	2017/09/01 21:06:36.000000000	1709010165
AU_LW_V5	SGSA-AD-5	256	2017/09/01 21:06:36.000000000	1709010165
AU_LW_V5	SGSA-AD-4	256	2017/09/01 21:06:36.000000000	1709010165
AU_LW_V5	SGSA-AD-2	256	2017/09/01 21:06:36.000000000	1709010165
AU_LW_V5	SGSA-AD-3	256	2017/09/01 21:06:36.000000000	1709010165
AU_LW_V5	SHAF-AD-2	257	2017/09/01 21:06:36.000000000	1709010165
AU_LW_V5	SHAF-AD-1	257	2017/09/01 21:06:36.000000000	1709010165
AU_LW_V5	SIMP-QA-10	258	2017/09/01 21:06:36.000000000	1709010165
AU_LW_V5	SIMP-QA-2	258	2017/09/01 21:06:36.000000000	1709010165
AU_LW_V5	SIMP-QA-12	258	2017/09/01 21:06:36.000000000	1709010165
AU_LW_V5	SIMP-QA-22	258	2017/09/01 21:06:36.000000000	1709010165
AU_LW_V5	SIMP-QA-24	258	2017/09/01 21:06:36.000000000	1709010165
AU_LW_V5	SIMP-QA-3	258	2017/09/01 21:06:36.000000000	1709010165
AU_LW_V5	SIMP-QA-6	258	2017/09/01 21:06:36.000000000	1709010165
AU_LW_V5	SIMP-QA-8	258	2017/09/01 21:06:36.000000000	1709010165
AU_LW_V5	SIMP-11	258	2017/09/01 21:06:36.000000000	1709010165
AU_LW_V5	SIMP-QA-1	258	2017/09/01 21:06:36.000000000	1709010165
AU_LW_V5	SIMP-QA-11	258	2017/09/01 21:06:36.000000000	1709010165
AU_LW_V5	SIMP-QA-13	258	2017/09/01 21:06:36.000000000	1709010165
AU_LW_V5	SIMP-QA-21	258	2017/09/01 21:06:36.000000000	1709010165
AU_LW_V5	SIMP-QA-23	258	2017/09/01 21:06:36.000000000	1709010165
AU_LW_V5	SIMP-QA-25	258	2017/09/01 21:06:36.000000000	1709010165
AU_LW_V5	SIMP-QA-4	258	2017/09/01 21:06:36.000000000	1709010165
AU_LW_V5	SIMP-QA-5	258	2017/09/01 21:06:36.000000000	1709010165
AU_LW_V5	SIMP-QA-7	258	2017/09/01 21:06:36.000000000	1709010165
AU_LW_V5	SIMP-QA-9	258	2017/09/01 21:06:36.000000000	1709010165
AU_LW_V5	SIMP-AD-1	259	2017/09/01 21:06:36.000000000	1709010165
AU_LW_V5	HEGG-AD-6	260	2017/09/01 21:06:36.000000000	1709010165
AU_LW_V5	HEGG-AD-7	260	2017/09/01 21:06:36.000000000	1709010165
AU_LW_V5	HEGG-AD-4	260	2017/09/01 21:06:36.000000000	1709010165
AU_LW_V5	HEGG-AD-5	260	2017/09/01 21:06:36.000000000	1709010165
AU_LW_V5	HEGG-AD-3	260	2017/09/01 21:06:36.000000000	1709010165
AU_LW_V5	HEGG-AD-2	260	2017/09/01 21:06:36.000000000	1709010165
AU_LW_V5	HEGG-AD-1	260	2017/09/01 21:06:36.000000000	1709010165
AU_LW_V5	SNAC-QA-2	261	2017/09/01 21:06:36.000000000	1709010165
AU_LW_V5	SNAC-QA-1	261	2017/09/01 21:06:36.000000000	1709010165
AU_LW_V5	SNFR-QA-1	262	2017/09/01 21:06:36.000000000	1709010165
AU_LW_V5	SNFR-MB-1	262	2017/09/01 21:06:36.000000000	1709010165
AU_LW_V5	SODE-QA-4	263	2017/09/01 21:06:36.000000000	1709010165
AU_LW_V5	SODX-QA-1	263	2017/09/01 21:06:36.000000000	1709010165
AU_LW_V5	SODE-QA-5	263	2017/09/01 21:06:36.000000000	1709010165
AU_LW_V5	SODE-QA-6	263	2017/09/01 21:06:36.000000000	1709010165
AU_LW_V5	SODE-QA-3	263	2017/09/01 21:06:36.000000000	1709010165
AU_LW_V5	SODE-QA-1	263	2017/09/01 21:06:36.000000000	1709010165
AU_LW_V5	SODE-QA-2	263	2017/09/01 21:06:36.000000000	1709010165
AU_LW_V5	SPCL-QA-2	264	2017/09/01 21:06:36.000000000	1709010165
AU_LW_V5	SPCL-RD-1	264	2017/09/01 21:06:36.000000000	1709010165
AU_LW_V5	SPCL-QA-1	264	2017/09/01 21:06:36.000000000	1709010165
AU_LW_V5	SPHE-MB-1	265	2017/09/01 21:06:36.000000000	1709010165
AU_LW_V5	SPHE-QA-1	265	2017/09/01 21:06:36.000000000	1709010165
AU_LW_V5	SPIR-AD-2	266	2017/09/01 21:06:36.000000000	1709010165
AU_LW_V5	SPIR-AD-1	266	2017/09/01 21:06:36.000000000	1709010165
AU_LW_V5	SPIE-AD-2	267	2017/09/01 21:06:36.000000000	1709010165
AU_LW_V5	SPI-AD-1	267	2017/09/01 21:06:36.000000000	1709010165
AU_LW_V5	SPI-AD-2	267	2017/09/01 21:06:36.000000000	1709010165
AU_LW_V5	SPIE-AD-3	267	2017/09/01 21:06:36.000000000	1709010165
AU_LW_V5	STESF-QA-1	268	2017/09/01 21:06:36.000000000	1709010165
AU_LW_V5	STSE-MB-1	268	2017/09/01 21:06:36.000000000	1709010165
AU_LW_V5	STRA-RD-1	269	2017/09/01 21:06:36.000000000	1709010165
AU_LW_V5	SRA-QA-1	269	2017/09/01 21:06:36.000000000	1709010165
AU_LW_V5	SUGA-QA-2	270	2017/09/01 21:06:36.000000000	1709010165
AU_LW_V5	SUGA-QA-1	270	2017/09/01 21:06:36.000000000	1709010165
AU_LW_V5	TATE-QA-1	270	2017/09/01 21:06:36.000000000	1709010165
AU_LW_V5	CSRS-AD-1	270	2017/09/01 21:06:36.000000000	1709010165
AU_LW_V5	SUAU-AD-1	270	2017/09/01 21:06:36.000000000	1709010165
AU_LW_V5	SGM-QA-1	271	2017/09/01 21:06:36.000000000	1709010165
AU_LW_V5	SGM-QA-2	271	2017/09/01 21:06:36.000000000	1709010165
AU_LW_V5	SUEX-AD-1	272	2017/09/01 21:06:36.000000000	1709010165
AU_LW_V5	SUNR-AD-1	272	2017/09/01 21:06:36.000000000	1709010165
AU_LW_V5	SWIFT-AD-1	273	2017/09/01 21:06:36.000000000	1709010165
AU_LW_V5	SWIF-AD-1	273	2017/09/01 21:06:36.000000000	1709010165
AU_LW_V5	SYWC-MB-1	274	2017/09/01 21:06:36.000000000	1709010165
AU_LW_V5	SYWA-MB-1	274	2017/09/01 21:06:36.000000000	1709010165
AU_LW_V5	TALS-AD-2	275	2017/09/01 21:06:36.000000000	1709010165
AU_LW_V5	TALS-AD-1	275	2017/09/01 21:06:36.000000000	1709010165
AU_LW_V5	TAND-QA-2	276	2017/09/01 21:06:36.000000000	1709010165
AU_LW_V5	TAND-QA-1	276	2017/09/01 21:06:36.000000000	1709010165
AU_LW_V5	TASS-AD-1	277	2017/09/01 21:06:36.000000000	1709010165
AU_LW_V5	TASL-QA-1	277	2017/09/01 21:06:36.000000000	1709010165
AU_LW_V5	TASL-QA-2	277	2017/09/01 21:06:36.000000000	1709010165
AU_LW_V5	TET-QA-1	278	2017/09/01 21:06:36.000000000	1709010165
AU_LW_V5	TET-QA-2	278	2017/09/01 21:06:36.000000000	1709010165
AU_LW_V5	TALY-AD-1	279	2017/09/01 21:06:36.000000000	1709010165
AU_LW_V5	TALY-AD-2	279	2017/09/01 21:06:36.000000000	1709010165
AU_LW_V5	TEMP-AD-4	280	2017/09/01 21:06:36.000000000	1709010165
AU_LW_V5	TEMP-AD-3	280	2017/09/01 21:06:36.000000000	1709010165
AU_LW_V5	TEYA-AD-1	281	2017/09/01 21:06:36.000000000	1709010165
AU_LW_V5	TEYA-CH-2	281	2017/09/01 21:06:36.000000000	1709010165
AU_LW_V5	FLFF-AD-2	282	2017/09/01 21:06:36.000000000	1709010165
AU_LW_V5	FLFF-AD-1	282	2017/09/01 21:06:36.000000000	1709010165
AU_LW_V5	TLG-QA-1	283	2017/09/01 21:06:36.000000000	1709010165
AU_LW_V5	TLG-QA-2	283	2017/09/01 21:06:36.000000000	1709010165
AU_LW_V5	LAMI-AD-1	283	2017/09/01 21:06:36.000000000	1709010165
AU_LW_V5	NZKS-AD-2	284	2017/09/01 21:06:36.000000000	1709010165
AU_LW_V5	NZKS-AD-1	284	2017/09/01 21:06:36.000000000	1709010165
AU_LW_V5	TSC-AD-1	285	2017/09/01 21:06:36.000000000	1709010165
AU_LW_V5	SUCO-AD-1	285	2017/09/01 21:06:36.000000000	1709010165
AU_LW_V5	WRCO-QA-1	286	2017/09/01 21:06:36.000000000	1709010165
AU_LW_V5	WRCO-QA-2	286	2017/09/01 21:06:36.000000000	1709010165
AU_LW_V5	WRCO-AD-1	286	2017/09/01 21:06:36.000000000	1709010165
AU_LW_V5	TOPA-MB-1	287	2017/09/01 21:06:36.000000000	1709010165
AU_LW_V5	TOPS-AD-1	287	2017/09/01 21:06:36.000000000	1709010165
AU_LW_V5	TRADW-QA-1	288	2017/09/01 21:06:36.000000000	1709010165
AU_LW_V5	TRCF-AD-1	288	2017/09/01 21:06:36.000000000	1709010165
AU_LW_V5	TRAN-AD-1	289	2017/09/01 21:06:36.000000000	1709010165
AU_LW_V5	TRAN-AD-2	289	2017/09/01 21:06:36.000000000	1709010165
AU_LW_V5	TREN-MB-1	290	2017/09/01 21:06:36.000000000	1709010165
AU_LW_V5	TREND-CH-1	290	2017/09/01 21:06:36.000000000	1709010165
AU_LW_V5	TRFO-CH-1	291	2017/09/01 21:06:36.000000000	1709010165
AU_LW_V5	TRFO-QA-1	291	2017/09/01 21:06:36.000000000	1709010165
AU_LW_V5	TBBP-QA-2	292	2017/09/01 21:06:36.000000000	1709010165
AU_LW_V5	TBBP-RD-1	292	2017/09/01 21:06:36.000000000	1709010165
AU_LW_V5	TBBP-QA-1	292	2017/09/01 21:06:36.000000000	1709010165
AU_LW_V5	TRUB-AD-1	292	2017/09/01 21:06:36.000000000	1709010165
AU_LW_V5	UNIL-AD-1	293	2017/09/01 21:06:36.000000000	1709010165
AU_LW_V5	UNIL-QA-2	293	2017/09/01 21:06:36.000000000	1709010165
AU_LW_V5	UNIL-QA-1	293	2017/09/01 21:06:36.000000000	1709010165
AU_LW_V5	UNST-QA-1	293	2017/09/01 21:06:36.000000000	1709010165
AU_LW_V5	UNST-QA-2	293	2017/09/01 21:06:36.000000000	1709010165
AU_LW_V5	UNFO-AD-2	294	2017/09/01 21:06:36.000000000	1709010165
AU_LW_V5	UNFO-AD-1	294	2017/09/01 21:06:36.000000000	1709010165
AU_LW_V5	VAM-QA-2	295	2017/09/01 21:06:36.000000000	1709010165
AU_LW_V5	VAM-QA-1	295	2017/09/01 21:06:36.000000000	1709010165
AU_LW_V5	VESC-AD-1	296	2017/09/01 21:06:36.000000000	1709010165
AU_LW_V5	VESC-QA-1	296	2017/09/01 21:06:36.000000000	1709010165
AU_LW_V5	VISY-QA-2	297	2017/09/01 21:06:36.000000000	1709010165
AU_LW_V5	VISY-QA-1	297	2017/09/01 21:06:36.000000000	1709010165
AU_LW_V5	VISY-AD-1	297	2017/09/01 21:06:36.000000000	1709010165
AU_LW_V5	JUICE-AD-1	298	2017/09/01 21:06:36.000000000	1709010165
AU_LW_V5	VOTO-QA-1	298	2017/09/01 21:06:36.000000000	1709010165
AU_LW_V5	WCAB-QA-2	299	2017/09/01 21:06:36.000000000	1709010165
AU_LW_V5	WCAB-QA-1	299	2017/09/01 21:06:36.000000000	1709010165
AU_LW_V5	HAMI-MB-1	300	2017/09/01 21:06:36.000000000	1709010165
AU_LW_V5	HAMI-QA-1	300	2017/09/01 21:06:36.000000000	1709010165
AU_LW_V5	WHF-QA-1	301	2017/09/01 21:06:36.000000000	1709010165
AU_LW_V5	WHF-QA-2	301	2017/09/01 21:06:36.000000000	1709010165
AU_LW_V5	WANL-AD-1	302	2017/09/01 21:06:36.000000000	1709010165
AU_LW_V5	WEAR-AD-1	302	2017/09/01 21:06:36.000000000	1709010165
AU_LW_V5	WENL-QA-1	302	2017/09/01 21:06:36.000000000	1709010165
AU_LW_V5	WEST-QA-1	303	2017/09/01 21:06:36.000000000	1709010165
AU_LW_V5	WMP-QA-1	303	2017/09/01 21:06:36.000000000	1709010165
AU_LW_V5	WEST-AD-7	304	2017/09/01 21:06:36.000000000	1709010165
AU_LW_V5	WEST-AD-2	304	2017/09/01 21:06:36.000000000	1709010165
AU_LW_V5	WEST-AD-6	304	2017/09/01 21:06:36.000000000	1709010165
AU_LW_V5	WEST-AD-4	304	2017/09/01 21:06:36.000000000	1709010165
AU_LW_V5	WEST-AD-1	304	2017/09/01 21:06:36.000000000	1709010165
AU_LW_V5	WEST-AD-5	304	2017/09/01 21:06:36.000000000	1709010165
AU_LW_V5	WEST-AD-3	304	2017/09/01 21:06:36.000000000	1709010165
AU_LW_V5	SUCR-AD-1	305	2017/09/01 21:06:36.000000000	1709010165
AU_LW_V5	WIFO-AD-1	305	2017/09/01 21:06:36.000000000	1709010165
AU_LW_V5	CTGW-AD-1	306	2017/09/01 21:06:36.000000000	1709010165
AU_LW_V5	CTG-AD-1	306	2017/09/01 21:06:36.000000000	1709010165
AU_LW_V5	KERR-AD-1	307	2017/09/01 21:06:36.000000000	1709010165
AU_LW_V5	KNZ-AD-1	307	2017/09/01 21:06:36.000000000	1709010165
AU_LW_V5	WIL-QA-9	308	2017/09/01 21:06:36.000000000	1709010165
AU_LW_V5	WIL-QA-7	308	2017/09/01 21:06:36.000000000	1709010165
AU_LW_V5	WIL-QA-5	308	2017/09/01 21:06:36.000000000	1709010165
AU_LW_V5	WIL-QA-2	308	2017/09/01 21:06:36.000000000	1709010165
AU_LW_V5	WIL-QA-6	308	2017/09/01 21:06:36.000000000	1709010165
AU_LW_V5	WIL-QA-1	308	2017/09/01 21:06:36.000000000	1709010165
AU_LW_V5	WIL-QA-8	308	2017/09/01 21:06:36.000000000	1709010165
AU_LW_V5	WIL-QA-4	308	2017/09/01 21:06:36.000000000	1709010165
AU_LW_V5	WIND-QA-1	309	2017/09/01 21:06:36.000000000	1709010165
AU_LW_V5	WIND-QA-2	309	2017/09/01 21:06:36.000000000	1709010165
AU_LW_V5	WOOL-AD-1	310	2017/09/01 21:06:36.000000000	1709010165
AU_LW_V5	WOOL-QA-3	310	2017/09/01 21:06:36.000000000	1709010165
AU_LW_V5	WOOL-QA-2	310	2017/09/01 21:06:36.000000000	1709010165
AU_LW_V5	WOOL-QA-1	310	2017/09/01 21:06:36.000000000	1709010165
AU_LW_V5	WOOL-CH-1	310	2017/09/01 21:06:36.000000000	1709010165
AU_LW_V5	WOOL-AD-2	310	2017/09/01 21:06:36.000000000	1709010165
AU_LW_V5	WOOL-QA-4	310	2017/09/01 21:06:36.000000000	1709010165
AU_LW_V5	WOHK-AD-1	310	2017/09/01 21:06:36.000000000	1709010165
AU_LW_V5	WOOL-MB-1	310	2017/09/01 21:06:36.000000000	1709010165
AU_LW_V5	WOOL-AD-3	310	2017/09/01 21:06:36.000000000	1709010165
AU_LW_V5	WOOL-ST-1	310	2017/09/01 21:06:36.000000000	1709010165
AU_LW_V5	WOOL-AD-4	310	2017/09/01 21:06:36.000000000	1709010165
AU_LW_V5	HARVE-QA-2	311	2017/09/01 21:06:36.000000000	1709010165
AU_LW_V5	WRCA-QA-1	311	2017/09/01 21:06:36.000000000	1709010165
AU_LW_V5	ZHBC-QA-1	312	2017/09/01 21:06:36.000000000	1709010165
AU_LW_V5	ZAMM-AD-1	312	2017/09/01 21:06:36.000000000	1709010165
AU_LW_V5	COM-QA-1	313	2017/09/01 21:06:36.000000000	1709010165
AU_LW_V5	COMG-QA-1	313	2017/09/01 21:06:36.000000000	1709010165
EU_LW_V5	AVIKO-A	400	2017/09/01 21:06:36.000000000	1709010165
EU_LW_V5	AVIKO-A1	400	2017/09/01 21:06:36.000000000	1709010165
EU_LW_V5	AVIKO-A3	400	2017/09/01 21:06:36.000000000	1709010165
EU_LW_V5	AVIKO-L	400	2017/09/01 21:06:36.000000000	1709010165
EU_LW_V5	AVIKO-L1	400	2017/09/01 21:06:36.000000000	1709010165
EU_LW_V5	AVIKO-L2	400	2017/09/01 21:06:36.000000000	1709010165
EU_LW_V5	AVIKO-L3	400	2017/09/01 21:06:36.000000000	1709010165
EU_LW_V5	AVIKO-L4	400	2017/09/01 21:06:36.000000000	1709010165
EU_LW_V5	AVIKO-L5	400	2017/09/01 21:06:36.000000000	1709010165
EU_LW_V5	COMPAXGOUD	401	2017/09/01 21:06:36.000000000	1709010165
EU_LW_V5	COMPAXO	401	2017/09/01 21:06:36.000000000	1709010165
EU_LW_V5	COMPMF-L	401	2017/09/01 21:06:36.000000000	1709010165
EU_LW_V5	KERRY-L	402	2017/09/01 21:06:36.000000000	1709010165
EU_LW_V5	KERRYNAA-L	402	2017/09/01 21:06:36.000000000	1709010165
EU_LW_V5	KERRYTILB	402	2017/09/01 21:06:36.000000000	1709010165
EU_LW_V5	KERRYU-A	402	2017/09/01 21:06:36.000000000	1709010165
EU_LW_V5	MCCAINBV	403	2017/09/01 21:06:36.000000000	1709010165
EU_LW_V5	MCCLEL-L	403	2017/09/01 21:06:36.000000000	1709010165
EU_LW_V5	EUROPO-L	404	2017/09/01 21:06:36.000000000	1709010165
EU_LW_V5	EUROPO-DU	404	2017/09/01 21:06:36.000000000	1709010165
EU_LW_V5	EUROPO-BE	404	2017/09/01 21:06:36.000000000	1709010165
EU_LW_V5	KOELHA-A	405	2017/09/01 21:06:36.000000000	1709010165
EU_LW_V5	KOELHA-A1	405	2017/09/01 21:06:36.000000000	1709010165
EU_LW_V5	KOELHAR-L1	405	2017/09/01 21:06:36.000000000	1709010165
EU_LW_V5	MIEKI	406	2017/09/01 21:06:36.000000000	1709010165
EU_LW_V5	MIERTVAN	406	2017/09/01 21:06:36.000000000	1709010165
EU_LW_V5	GEPO-L	407	2017/09/01 21:06:36.000000000	1709010165
EU_LW_V5	KROON-L1	407	2017/09/01 21:06:36.000000000	1709010165
EU_LW_V5	HANSEL-L	408	2017/09/01 21:06:36.000000000	1709010165
EU_LW_V5	MAZA	408	2017/09/01 21:06:36.000000000	1709010165
EU_LW_V5	KENNERVIS	409	2017/09/01 21:06:36.000000000	1709010165
EU_LW_V5	ELDORO-L	409	2017/09/01 21:06:36.000000000	1709010165
EU_LW_V5	FISHERM-L	409	2017/09/01 21:06:36.000000000	1709010165
EU_LW_V5	PICCARD-L	409	2017/09/01 21:06:36.000000000	1709010165
EU_LW_V5	SCHMIDT-L	409	2017/09/01 21:06:36.000000000	1709010165
EU_LW_V5	GRAVIS-L	409	2017/09/01 21:06:36.000000000	1709010165
EU_LW_V5	MAYONNA-L	409	2017/09/01 21:06:36.000000000	1709010165
EU_LW_V5	MAYONNA-L1	409	2017/09/01 21:06:36.000000000	1709010165
EU_LW_V5	MUYS-L	409	2017/09/01 21:06:36.000000000	1709010165
EU_LW_V5	GRAVISU-L	409	2017/09/01 21:06:36.000000000	1709010165
EU_LW_V5	BRACAM-L	409	2017/09/01 21:06:36.000000000	1709010165
EU_LW_V5	INTEROV-L	410	2017/09/01 21:06:36.000000000	1709010165
EU_LW_V5	PAPEI-L	410	2017/09/01 21:06:36.000000000	1709010165
EU_LW_V5	NIVEBV	410	2017/09/01 21:06:36.000000000	1709010165
EU_LW_V5	WEKOEIBV	410	2017/09/01 21:06:36.000000000	1709010165
EU_LW_V5	WEKOFO-L	410	2017/09/01 21:06:36.000000000	1709010165
EU_LW_V5	BURGVDEI	410	2017/09/01 21:06:36.000000000	1709010165
EU_LW_V5	OCHTEN-L	410	2017/09/01 21:06:36.000000000	1709010165
EU_LW_V5	27EME-1	500	2017/09/01 21:06:36.000000000	1709010165
EU_LW_V5	27EME-2	500	2017/09/01 21:06:36.000000000	1709010165
EU_LW_V5	ABCIN-1	501	2017/09/01 21:06:36.000000000	1709010165
EU_LW_V5	ABCIN-02	501	2017/09/01 21:06:36.000000000	1709010165
EU_LW_V5	ACCOR-1	502	2017/09/01 21:06:36.000000000	1709010165
EU_LW_V5	ACCOR-2	502	2017/09/01 21:06:36.000000000	1709010165
EU_LW_V5	ACCOR-4	502	2017/09/01 21:06:36.000000000	1709010165
EU_LW_V5	ACCOR-05	502	2017/09/01 21:06:36.000000000	1709010165
EU_LW_V5	ACCOR-06	502	2017/09/01 21:06:36.000000000	1709010165
EU_LW_V5	ACCOR-07	502	2017/09/01 21:06:36.000000000	1709010165
EU_LW_V5	3BRAS-2	503	2017/09/01 21:06:36.000000000	1709010165
EU_LW_V5	AGAPE-1	503	2017/09/01 21:06:36.000000000	1709010165
EU_LW_V5	AFCCE-1	504	2017/09/01 21:06:36.000000000	1709010165
EU_LW_V5	AFDPV-1	504	2017/09/01 21:06:36.000000000	1709010165
EU_LW_V5	AIRFR-1	504	2017/09/01 21:06:36.000000000	1709010165
EU_LW_V5	BESSO-01	505	2017/09/01 21:06:36.000000000	1709010165
EU_LW_V5	BESSO-RD	505	2017/09/01 21:06:36.000000000	1709010165
EU_LW_V5	CHACH-01	506	2017/09/01 21:06:36.000000000	1709010165
EU_LW_V5	APTVP-01	506	2017/09/01 21:06:36.000000000	1709010165
EU_LW_V5	AQUSS-01	507	2017/09/01 21:06:36.000000000	1709010165
EU_LW_V5	TOQUE-01	507	2017/09/01 21:06:36.000000000	1709010165
EU_LW_V5	ASHOS-1	508	2017/09/01 21:06:36.000000000	1709010165
EU_LW_V5	ASHOS-3	508	2017/09/01 21:06:36.000000000	1709010165
EU_LW_V5	HOMEC-1	509	2017/09/01 21:06:36.000000000	1709010165
EU_LW_V5	HOMEN-2	509	2017/09/01 21:06:36.000000000	1709010165
EU_LW_V5	PAINA-2	510	2017/09/01 21:06:36.000000000	1709010165
EU_LW_V5	PAINA-4	510	2017/09/01 21:06:36.000000000	1709010165
EU_LW_V5	MICHA-02	511	2017/09/01 21:06:36.000000000	1709010165
EU_LW_V5	SMICH-01	511	2017/09/01 21:06:36.000000000	1709010165
EU_LW_V5	FROVI-01	512	2017/09/01 21:06:36.000000000	1709010165
EU_LW_V5	FROGR-01	512	2017/09/01 21:06:36.000000000	1709010165
EU_LW_V5	SOFIV-01	512	2017/09/01 21:06:36.000000000	1709010165
EU_LW_V5	FMPER-01	512	2017/09/01 21:06:36.000000000	1709010165
EU_LW_V5	PERRE-01	512	2017/09/01 21:06:36.000000000	1709010165
EU_LW_V5	BONGR-11	512	2017/09/01 21:06:36.000000000	1709010165
EU_LW_V5	BONGR-13	512	2017/09/01 21:06:36.000000000	1709010165
EU_LW_V5	BONGR-21	512	2017/09/01 21:06:36.000000000	1709010165
EU_LW_V5	BONGR-22	512	2017/09/01 21:06:36.000000000	1709010165
EU_LW_V5	BONGR-2	512	2017/09/01 21:06:36.000000000	1709010165
EU_LW_V5	SEAH-1	512	2017/09/01 21:06:36.000000000	1709010165
EU_LW_V5	CLAVI-1	512	2017/09/01 21:06:36.000000000	1709010165
EU_LW_V5	FROMA-1	512	2017/09/01 21:06:36.000000000	1709010165
EU_LW_V5	ALOCE-01	512	2017/09/01 21:06:36.000000000	1709010165
EU_LW_V5	BRARI-01	513	2017/09/01 21:06:36.000000000	1709010165
EU_LW_V5	LAMAR-01	513	2017/09/01 21:06:36.000000000	1709010165
EU_LW_V5	BUFFA-4	514	2017/09/01 21:06:36.000000000	1709010165
EU_LW_V5	BUFFA-1	514	2017/09/01 21:06:36.000000000	1709010165
EU_LW_V5	CFCC-1	515	2017/09/01 21:06:36.000000000	1709010165
EU_LW_V5	CFCC-02	515	2017/09/01 21:06:36.000000000	1709010165
EU_LW_V5	CARRE-3	516	2017/09/01 21:06:36.000000000	1709010165
EU_LW_V5	CARRE-1	516	2017/09/01 21:06:36.000000000	1709010165
EU_LW_V5	CARHA-01	516	2017/09/01 21:06:36.000000000	1709010165
EU_LW_V5	CARFO-01	516	2017/09/01 21:06:36.000000000	1709010165
EU_LW_V5	CAZAL-01	517	2017/09/01 21:06:36.000000000	1709010165
EU_LW_V5	FROMC-01	517	2017/09/01 21:06:36.000000000	1709010165
EU_LW_V5	AGIHR-1	518	2017/09/01 21:06:36.000000000	1709010165
EU_LW_V5	SNCF-1	518	2017/09/01 21:06:36.000000000	1709010165
EU_LW_V5	COCCI-3	519	2017/09/01 21:06:36.000000000	1709010165
EU_LW_V5	COCCI-6	519	2017/09/01 21:06:36.000000000	1709010165
EU_LW_V5	CINEL-01	519	2017/09/01 21:06:36.000000000	1709010165
EU_LW_V5	COFRA-3	520	2017/09/01 21:06:36.000000000	1709010165
EU_LW_V5	COFRA-4	520	2017/09/01 21:06:36.000000000	1709010165
EU_LW_V5	CSLIL-1	521	2017/09/01 21:06:36.000000000	1709010165
EU_LW_V5	CSLIL-02	521	2017/09/01 21:06:36.000000000	1709010165
EU_LW_V5	CCBER-1	522	2017/09/01 21:06:36.000000000	1709010165
EU_LW_V5	CUCBE-01	522	2017/09/01 21:06:36.000000000	1709010165
EU_LW_V5	DANIS-4	523	2017/09/01 21:06:36.000000000	1709010165
EU_LW_V5	DANIS-1	523	2017/09/01 21:06:36.000000000	1709010165
EU_LW_V5	BLEDI-1	524	2017/09/01 21:06:36.000000000	1709010165
EU_LW_V5	BLEDI-2	524	2017/09/01 21:06:36.000000000	1709010165
EU_LW_V5	BLEDI-4	524	2017/09/01 21:06:36.000000000	1709010165
EU_LW_V5	DANON-1	524	2017/09/01 21:06:36.000000000	1709010165
EU_LW_V5	DANON-04	524	2017/09/01 21:06:36.000000000	1709010165
EU_LW_V5	DAVIG-2	525	2017/09/01 21:06:36.000000000	1709010165
EU_LW_V5	DAVIG-1	525	2017/09/01 21:06:36.000000000	1709010165
EU_LW_V5	DELIF-2	526	2017/09/01 21:06:36.000000000	1709010165
EU_LW_V5	FAGOU-1	526	2017/09/01 21:06:36.000000000	1709010165
EU_LW_V5	DELI-1	526	2017/09/01 21:06:36.000000000	1709010165
EU_LW_V5	TOUFL-02	526	2017/09/01 21:06:36.000000000	1709010165
EU_LW_V5	DEVEI-1	527	2017/09/01 21:06:36.000000000	1709010165
EU_LW_V5	SOCGS-1	527	2017/09/01 21:06:36.000000000	1709010165
EU_LW_V5	GELPA-2	528	2017/09/01 21:06:36.000000000	1709010165
EU_LW_V5	DUBRE-1	528	2017/09/01 21:06:36.000000000	1709010165
EU_LW_V5	DUPON-1	529	2017/09/01 21:06:36.000000000	1709010165
EU_LW_V5	NORMA-10	529	2017/09/01 21:06:36.000000000	1709010165
EU_LW_V5	NORMA-9	529	2017/09/01 21:06:36.000000000	1709010165
EU_LW_V5	ELIOR-1	530	2017/09/01 21:06:36.000000000	1709010165
EU_LW_V5	ANSAM-1	530	2017/09/01 21:06:36.000000000	1709010165
EU_LW_V5	ELIOR-2	530	2017/09/01 21:06:36.000000000	1709010165
EU_LW_V5	ELIVI-01	531	2017/09/01 21:06:36.000000000	1709010165
EU_LW_V5	ELIVI-02	531	2017/09/01 21:06:36.000000000	1709010165
EU_LW_V5	GLACE-2	532	2017/09/01 21:06:36.000000000	1709010165
EU_LW_V5	ERVIE-1	532	2017/09/01 21:06:36.000000000	1709010165
EU_LW_V5	ETESP-1	533	2017/09/01 21:06:36.000000000	1709010165
EU_LW_V5	ETESP-2	533	2017/09/01 21:06:36.000000000	1709010165
EU_LW_V5	STALA-3	534	2017/09/01 21:06:36.000000000	1709010165
EU_LW_V5	STALA-1	534	2017/09/01 21:06:36.000000000	1709010165
EU_LW_V5	EUGAS-01	534	2017/09/01 21:06:36.000000000	1709010165
EU_LW_V5	LADAR-1	535	2017/09/01 21:06:36.000000000	1709010165
EU_LW_V5	EURIA-2	535	2017/09/01 21:06:36.000000000	1709010165
EU_LW_V5	DEPAL-1	536	2017/09/01 21:06:36.000000000	1709010165
EU_LW_V5	COBRO-1	536	2017/09/01 21:06:36.000000000	1709010165
EU_LW_V5	MSP-01	536	2017/09/01 21:06:36.000000000	1709010165
EU_LW_V5	GASER-01	537	2017/09/01 21:06:36.000000000	1709010165
EU_LW_V5	EVEN-02	537	2017/09/01 21:06:36.000000000	1709010165
EU_LW_V5	EVEN-1	537	2017/09/01 21:06:36.000000000	1709010165
EU_LW_V5	FOOPA-01	538	2017/09/01 21:06:36.000000000	1709010165
EU_LW_V5	FOHOP-01	538	2017/09/01 21:06:36.000000000	1709010165
EU_LW_V5	FORCO-1	539	2017/09/01 21:06:36.000000000	1709010165
EU_LW_V5	FORCO-02	539	2017/09/01 21:06:36.000000000	1709010165
EU_LW_V5	VIFAR-1	540	2017/09/01 21:06:36.000000000	1709010165
EU_LW_V5	GENDR-1	540	2017/09/01 21:06:36.000000000	1709010165
EU_LW_V5	GRDFR-03	541	2017/09/01 21:06:36.000000000	1709010165
EU_LW_V5	GFRAI-01	541	2017/09/01 21:06:36.000000000	1709010165
EU_LW_V5	ANDRO-2	542	2017/09/01 21:06:36.000000000	1709010165
EU_LW_V5	PROLA-02	542	2017/09/01 21:06:36.000000000	1709010165
EU_LW_V5	ANDRO-RD	542	2017/09/01 21:06:36.000000000	1709010165
EU_LW_V5	AOSTE-3	543	2017/09/01 21:06:36.000000000	1709010165
EU_LW_V5	AOSTE-2	543	2017/09/01 21:06:36.000000000	1709010165
EU_LW_V5	CABYJ-1	543	2017/09/01 21:06:36.000000000	1709010165
EU_LW_V5	GRAOS-1	543	2017/09/01 21:06:36.000000000	1709010165
EU_LW_V5	AOSTE-04	543	2017/09/01 21:06:36.000000000	1709010165
EU_LW_V5	AOSPR-01	543	2017/09/01 21:06:36.000000000	1709010165
EU_LW_V5	ARDOV-2	544	2017/09/01 21:06:36.000000000	1709010165
EU_LW_V5	ARDO-01	544	2017/09/01 21:06:36.000000000	1709010165
EU_LW_V5	GRBEL-02	545	2017/09/01 21:06:36.000000000	1709010165
EU_LW_V5	GRBEL-03	545	2017/09/01 21:06:36.000000000	1709010165
EU_LW_V5	GRBEL-04	545	2017/09/01 21:06:36.000000000	1709010165
EU_LW_V5	GRBEL-05	545	2017/09/01 21:06:36.000000000	1709010165
EU_LW_V5	GRBEL-06	545	2017/09/01 21:06:36.000000000	1709010165
EU_LW_V5	GRBEL-07	545	2017/09/01 21:06:36.000000000	1709010165
EU_LW_V5	GRBEL-08	545	2017/09/01 21:06:36.000000000	1709010165
EU_LW_V5	GRBEL-09	545	2017/09/01 21:06:36.000000000	1709010165
EU_LW_V5	GRBEL-10	545	2017/09/01 21:06:36.000000000	1709010165
EU_LW_V5	GRBEL-11	545	2017/09/01 21:06:36.000000000	1709010165
EU_LW_V5	GRBEL-12	545	2017/09/01 21:06:36.000000000	1709010165
EU_LW_V5	GRBEL-14	545	2017/09/01 21:06:36.000000000	1709010165
EU_LW_V5	GRBEL-15	545	2017/09/01 21:06:36.000000000	1709010165
EU_LW_V5	GRBEL-16	545	2017/09/01 21:06:36.000000000	1709010165
EU_LW_V5	GRBEL-17	545	2017/09/01 21:06:36.000000000	1709010165
EU_LW_V5	GRBEL-23	545	2017/09/01 21:06:36.000000000	1709010165
EU_LW_V5	GRBEL-28	545	2017/09/01 21:06:36.000000000	1709010165
EU_LW_V5	GRBEL-34	545	2017/09/01 21:06:36.000000000	1709010165
EU_LW_V5	GRBEL-35	545	2017/09/01 21:06:36.000000000	1709010165
EU_LW_V5	GRBEL-36	545	2017/09/01 21:06:36.000000000	1709010165
EU_LW_V5	GRBEL-26	545	2017/09/01 21:06:36.000000000	1709010165
EU_LW_V5	GRBEL-18	545	2017/09/01 21:06:36.000000000	1709010165
EU_LW_V5	GRBEL-19	545	2017/09/01 21:06:36.000000000	1709010165
EU_LW_V5	GRBEL-20	545	2017/09/01 21:06:36.000000000	1709010165
EU_LW_V5	GRBEL-21	545	2017/09/01 21:06:36.000000000	1709010165
EU_LW_V5	GRBEL-22	545	2017/09/01 21:06:36.000000000	1709010165
EU_LW_V5	GRBEL-24	545	2017/09/01 21:06:36.000000000	1709010165
EU_LW_V5	GRBEL-27	545	2017/09/01 21:06:36.000000000	1709010165
EU_LW_V5	GRBEL-32	545	2017/09/01 21:06:36.000000000	1709010165
EU_LW_V5	GRBEL-33	545	2017/09/01 21:06:36.000000000	1709010165
EU_LW_V5	GRBEL-38	545	2017/09/01 21:06:36.000000000	1709010165
EU_LW_V5	GRBEL-41	545	2017/09/01 21:06:36.000000000	1709010165
EU_LW_V5	GRBEL-42	545	2017/09/01 21:06:36.000000000	1709010165
EU_LW_V5	GRBEL-43	545	2017/09/01 21:06:36.000000000	1709010165
EU_LW_V5	ATEPM-1	546	2017/09/01 21:06:36.000000000	1709010165
EU_LW_V5	BRAND-1	546	2017/09/01 21:06:36.000000000	1709010165
EU_LW_V5	BERTR-1	546	2017/09/01 21:06:36.000000000	1709010165
EU_LW_V5	CAERI-1	546	2017/09/01 21:06:36.000000000	1709010165
EU_LW_V5	ARCAD-6	547	2017/09/01 21:06:36.000000000	1709010165
EU_LW_V5	CHARA-2	547	2017/09/01 21:06:36.000000000	1709010165
EU_LW_V5	GRALL-1	547	2017/09/01 21:06:36.000000000	1709010165
EU_LW_V5	CHARA-4	547	2017/09/01 21:06:36.000000000	1709010165
EU_LW_V5	BIGAR-4	547	2017/09/01 21:06:36.000000000	1709010165
EU_LW_V5	SOCOP-2	547	2017/09/01 21:06:36.000000000	1709010165
EU_LW_V5	ALLIE-01	547	2017/09/01 21:06:36.000000000	1709010165
EU_LW_V5	NORMI-01	547	2017/09/01 21:06:36.000000000	1709010165
EU_LW_V5	GRALL-02	547	2017/09/01 21:06:36.000000000	1709010165
EU_LW_V5	NORMI-RD	547	2017/09/01 21:06:36.000000000	1709010165
EU_LW_V5	SOCOP-5	547	2017/09/01 21:06:36.000000000	1709010165
EU_LW_V5	DOMIN-3	548	2017/09/01 21:06:36.000000000	1709010165
EU_LW_V5	DOMIN-4	548	2017/09/01 21:06:36.000000000	1709010165
EU_LW_V5	DOMIN-RD	548	2017/09/01 21:06:36.000000000	1709010165
EU_LW_V5	MEURI-1	549	2017/09/01 21:06:36.000000000	1709010165
EU_LW_V5	PLAZA-1	549	2017/09/01 21:06:36.000000000	1709010165
EU_LW_V5	GALAX-2	550	2017/09/01 21:06:36.000000000	1709010165
EU_LW_V5	GALAX-1	550	2017/09/01 21:06:36.000000000	1709010165
EU_LW_V5	HOLDE-1	551	2017/09/01 21:06:36.000000000	1709010165
EU_LW_V5	HOLDU-01	551	2017/09/01 21:06:36.000000000	1709010165
EU_LW_V5	SUREN-1	552	2017/09/01 21:06:36.000000000	1709010165
EU_LW_V5	KORIA-01	552	2017/09/01 21:06:36.000000000	1709010165
EU_LW_V5	LEDUF-2	553	2017/09/01 21:06:36.000000000	1709010165
EU_LW_V5	LEDUF-1	553	2017/09/01 21:06:36.000000000	1709010165
EU_LW_V5	LEDUF-3	553	2017/09/01 21:06:36.000000000	1709010165
EU_LW_V5	CHPIE-1	554	2017/09/01 21:06:36.000000000	1709010165
EU_LW_V5	CHPIE-2	554	2017/09/01 21:06:36.000000000	1709010165
EU_LW_V5	ROULL-1	555	2017/09/01 21:06:36.000000000	1709010165
EU_LW_V5	ROULL-04	555	2017/09/01 21:06:36.000000000	1709010165
EU_LW_V5	MERID-1	556	2017/09/01 21:06:36.000000000	1709010165
EU_LW_V5	PDG-01	556	2017/09/01 21:06:36.000000000	1709010165
EU_LW_V5	HVSEN-1	557	2017/09/01 21:06:36.000000000	1709010165
EU_LW_V5	HVSEN-02	557	2017/09/01 21:06:36.000000000	1709010165
EU_LW_V5	CABYJ-2	558	2017/09/01 21:06:36.000000000	1709010165
EU_LW_V5	MOYPA-05	559	2017/09/01 21:06:36.000000000	1709010165
EU_LW_V5	MOYPA-06	559	2017/09/01 21:06:36.000000000	1709010165
EU_LW_V5	LOQUE-1	560	2017/09/01 21:06:36.000000000	1709010165
EU_LW_V5	DEVIA-2	560	2017/09/01 21:06:36.000000000	1709010165
EU_LW_V5	LABEY-02	561	2017/09/01 21:06:36.000000000	1709010165
EU_LW_V5	LABEY-03	561	2017/09/01 21:06:36.000000000	1709010165
EU_LW_V5	LACTA-02	562	2017/09/01 21:06:36.000000000	1709010165
EU_LW_V5	LADUR-1	563	2017/09/01 21:06:36.000000000	1709010165
EU_LW_V5	LADUR-02	563	2017/09/01 21:06:36.000000000	1709010165
EU_LW_V5	GDLEJ-1	564	2017/09/01 21:06:36.000000000	1709010165
EU_LW_V5	GDLEJ-RD	564	2017/09/01 21:06:36.000000000	1709010165
EU_LW_V5	PAFRU-1	565	2017/09/01 21:06:36.000000000	1709010165
EU_LW_V5	PFRUI-01	565	2017/09/01 21:06:36.000000000	1709010165
EU_LW_V5	LESCU-1	566	2017/09/01 21:06:36.000000000	1709010165
EU_LW_V5	LESCU-2	566	2017/09/01 21:06:36.000000000	1709010165
EU_LW_V5	LESCU-3	566	2017/09/01 21:06:36.000000000	1709010165
EU_LW_V5	MAGHI-1	567	2017/09/01 21:06:36.000000000	1709010165
EU_LW_V5	MAGHR-1	567	2017/09/01 21:06:36.000000000	1709010165
EU_LW_V5	COSTE-2	568	2017/09/01 21:06:36.000000000	1709010165
EU_LW_V5	MTCOS-01	568	2017/09/01 21:06:36.000000000	1709010165
EU_LW_V5	MCCAI-2	569	2017/09/01 21:06:36.000000000	1709010165
EU_LW_V5	MCCAI-1	569	2017/09/01 21:06:36.000000000	1709010165
EU_LW_V5	MIGRO-02	570	2017/09/01 21:06:36.000000000	1709010165
EU_LW_V5	MIGRO-03	570	2017/09/01 21:06:36.000000000	1709010165
EU_LW_V5	1001M-1	571	2017/09/01 21:06:36.000000000	1709010165
EU_LW_V5	1001M-RD	571	2017/09/01 21:06:36.000000000	1709010165
EU_LW_V5	MIBUF-1	572	2017/09/01 21:06:36.000000000	1709010165
EU_LW_V5	MIBUF-04	572	2017/09/01 21:06:36.000000000	1709010165
EU_LW_V5	LUFCE-01	573	2017/09/01 21:06:36.000000000	1709010165
EU_LW_V5	KRAFT-03	573	2017/09/01 21:06:36.000000000	1709010165
EU_LW_V5	KRAFT-04	573	2017/09/01 21:06:36.000000000	1709010165
EU_LW_V5	MDLZ-01	573	2017/09/01 21:06:36.000000000	1709010165
EU_LW_V5	MDLZ-02	573	2017/09/01 21:06:36.000000000	1709010165
EU_LW_V5	NESTP-1	574	2017/09/01 21:06:36.000000000	1709010165
EU_LW_V5	NESTL-2	574	2017/09/01 21:06:36.000000000	1709010165
EU_LW_V5	NESTL-3	574	2017/09/01 21:06:36.000000000	1709010165
EU_LW_V5	DETOU-1	575	2017/09/01 21:06:36.000000000	1709010165
EU_LW_V5	NEUHA-01	575	2017/09/01 21:06:36.000000000	1709010165
EU_LW_V5	CEREA-1	576	2017/09/01 21:06:36.000000000	1709010165
EU_LW_V5	NUSAN-1	576	2017/09/01 21:06:36.000000000	1709010165
EU_LW_V5	LUSFR-1	577	2017/09/01 21:06:36.000000000	1709010165
EU_LW_V5	PANZA-1	577	2017/09/01 21:06:36.000000000	1709010165
EU_LW_V5	BRPAS-1	578	2017/09/01 21:06:36.000000000	1709010165
EU_LW_V5	BRIPA-01	578	2017/09/01 21:06:36.000000000	1709010165
EU_LW_V5	PAPAS-01	578	2017/09/01 21:06:36.000000000	1709010165
EU_LW_V5	BRPAS-RD	578	2017/09/01 21:06:36.000000000	1709010165
EU_LW_V5	BIPAS-01	578	2017/09/01 21:06:36.000000000	1709010165
EU_LW_V5	PTSPI-1	579	2017/09/01 21:06:36.000000000	1709010165
EU_LW_V5	PTSPI-2	579	2017/09/01 21:06:36.000000000	1709010165
EU_LW_V5	PRIME-4	580	2017/09/01 21:06:36.000000000	1709010165
EU_LW_V5	PRIME-8	580	2017/09/01 21:06:36.000000000	1709010165
EU_LW_V5	PROVE-4	581	2017/09/01 21:06:36.000000000	1709010165
EU_LW_V5	PROVE-1	581	2017/09/01 21:06:36.000000000	1709010165
EU_LW_V5	PUIGR-01	582	2017/09/01 21:06:36.000000000	1709010165
EU_LW_V5	PUIGR-02	582	2017/09/01 21:06:36.000000000	1709010165
EU_LW_V5	RANA-1	583	2017/09/01 21:06:36.000000000	1709010165
EU_LW_V5	RANA-02	583	2017/09/01 21:06:36.000000000	1709010165
EU_LW_V5	RELFR-1	584	2017/09/01 21:06:36.000000000	1709010165
EU_LW_V5	RELH-1	584	2017/09/01 21:06:36.000000000	1709010165
EU_LW_V5	RSTAL-1	585	2017/09/01 21:06:36.000000000	1709010165
EU_LW_V5	RAPPR-1	585	2017/09/01 21:06:36.000000000	1709010165
EU_LW_V5	RSRAP-1	585	2017/09/01 21:06:36.000000000	1709010165
EU_LW_V5	REMEU-01	586	2017/09/01 21:06:36.000000000	1709010165
EU_LW_V5	MEUHM-01	586	2017/09/01 21:06:36.000000000	1709010165
EU_LW_V5	MEUHR-01	586	2017/09/01 21:06:36.000000000	1709010165
EU_LW_V5	TOYEN-01	587	2017/09/01 21:06:36.000000000	1709010165
EU_LW_V5	RETYE-01	587	2017/09/01 21:06:36.000000000	1709010165
EU_LW_V5	REZID-1	588	2017/09/01 21:06:36.000000000	1709010165
EU_LW_V5	HRPAL-01	588	2017/09/01 21:06:36.000000000	1709010165
EU_LW_V5	REZID-RD	588	2017/09/01 21:06:36.000000000	1709010165
EU_LW_V5	SETHN-1	589	2017/09/01 21:06:36.000000000	1709010165
EU_LW_V5	ROQUF-1	589	2017/09/01 21:06:36.000000000	1709010165
EU_LW_V5	STJEA-2	590	2017/09/01 21:06:36.000000000	1709010165
EU_LW_V5	ROCHA-3	590	2017/09/01 21:06:36.000000000	1709010165
EU_LW_V5	SAHTL-1	591	2017/09/01 21:06:36.000000000	1709010165
EU_LW_V5	SGESH-01	591	2017/09/01 21:06:36.000000000	1709010165
EU_LW_V5	SERVA-3	592	2017/09/01 21:06:36.000000000	1709010165
EU_LW_V5	LYONA-1	592	2017/09/01 21:06:36.000000000	1709010165
EU_LW_V5	SOBRI-1	593	2017/09/01 21:06:36.000000000	1709010165
EU_LW_V5	SOBRI-2	593	2017/09/01 21:06:36.000000000	1709010165
EU_LW_V5	STHAU-1	594	2017/09/01 21:06:36.000000000	1709010165
EU_LW_V5	STHAU-3	594	2017/09/01 21:06:36.000000000	1709010165
EU_LW_V5	SODEX-1	595	2017/09/01 21:06:36.000000000	1709010165
EU_LW_V5	SCORE-2	595	2017/09/01 21:06:36.000000000	1709010165
EU_LW_V5	SODAC-01	595	2017/09/01 21:06:36.000000000	1709010165
EU_LW_V5	SODSL-01	595	2017/09/01 21:06:36.000000000	1709010165
EU_LW_V5	SODLN-01	595	2017/09/01 21:06:36.000000000	1709010165
EU_LW_V5	SODHH-01	595	2017/09/01 21:06:36.000000000	1709010165
EU_LW_V5	SODXO-01	595	2017/09/01 21:06:36.000000000	1709010165
EU_LW_V5	SAHUB-01	596	2017/09/01 21:06:36.000000000	1709010165
EU_LW_V5	SAHUB-02	596	2017/09/01 21:06:36.000000000	1709010165
EU_LW_V5	SUSCH-01	597	2017/09/01 21:06:36.000000000	1709010165
EU_LW_V5	SUSCH-02	597	2017/09/01 21:06:36.000000000	1709010165
EU_LW_V5	SUSCH-03	597	2017/09/01 21:06:36.000000000	1709010165
EU_LW_V5	SUSCH-04	597	2017/09/01 21:06:36.000000000	1709010165
EU_LW_V5	SVDO-01	598	2017/09/01 21:06:36.000000000	1709010165
EU_LW_V5	SVRO-01	598	2017/09/01 21:06:36.000000000	1709010165
EU_LW_V5	AVEBE-1	599	2017/09/01 21:06:36.000000000	1709010165
EU_LW_V5	SYRAL-01	599	2017/09/01 21:06:36.000000000	1709010165
EU_LW_V5	TERRE-1	600	2017/09/01 21:06:36.000000000	1709010165
EU_LW_V5	BLEDE-01	600	2017/09/01 21:06:36.000000000	1709010165
EU_LW_V5	POTEL-01	601	2017/09/01 21:06:36.000000000	1709010165
EU_LW_V5	STCLA-01	601	2017/09/01 21:06:36.000000000	1709010165
EU_LW_V5	TRIBA-02	602	2017/09/01 21:06:36.000000000	1709010165
EU_LW_V5	TRIBA-RD	602	2017/09/01 21:06:36.000000000	1709010165
EU_LW_V5	TVRSA-2	603	2017/09/01 21:06:36.000000000	1709010165
EU_LW_V5	TVRSA-1	603	2017/09/01 21:06:36.000000000	1709010165
EU_LW_V5	UCLAB-1	604	2017/09/01 21:06:36.000000000	1709010165
EU_LW_V5	UCLAB-2	604	2017/09/01 21:06:36.000000000	1709010165
EU_LW_V5	IDVAL-1	605	2017/09/01 21:06:36.000000000	1709010165
EU_LW_V5	VATRT-1	605	2017/09/01 21:06:36.000000000	1709010165
EU_LW_V5	VITAC-1	606	2017/09/01 21:06:36.000000000	1709010165
EU_LW_V5	VITAC-2	606	2017/09/01 21:06:36.000000000	1709010165
EU_LW_V5	ABBAY-1	607	2017/09/01 21:06:36.000000000	1709010165
EU_LW_V5	WOSTI-RD	607	2017/09/01 21:06:36.000000000	1709010165
