GDW_CUSTOMER_ID	GDW_CUSTOMER_DESC	GDW_CLIENT_MARKET_ID	UPDATED_ON	UPDATED_BY
607	WOSTIN	10001743	2015/11/11 01:34:09.000000000	F_EMMPER
304	Westfield Group	10001744	2015/11/11 01:34:45.000000000	F_EMMPER
22457183	BKQ SERVICES	10001741	2017/05/16 09:46:41.000000000	F_EMMPER
2	100% Bottling Company Pty Ltd	10001744	2015/11/11 01:33:54.000000000	F_EMMPER
3	A View to Food	10001743	2015/11/11 01:33:54.000000000	F_EMMPER
4	ADM	10001744	2015/11/11 01:33:54.000000000	F_EMMPER
5	Advanced Ananalytical	10001744	2015/11/11 01:33:54.000000000	F_EMMPER
6	Advanced Fresh Concepts	10001744	2015/11/11 01:33:54.000000000	F_EMMPER
7	Aero-Care Operations	10001744	2015/11/11 01:33:54.000000000	F_EMMPER
8	ALDI	10001741	2015/11/11 01:33:54.000000000	F_EMMPER
9	Allaince Catering	10001744	2015/11/11 01:33:54.000000000	F_EMMPER
10	Allied Mills	10001743	2015/11/11 01:33:54.000000000	F_EMMPER
11	Alpha Flight Services	10001743	2015/11/11 01:33:54.000000000	F_EMMPER
12	Alphapharm	10001743	2015/11/11 01:33:54.000000000	F_EMMPER
13	ALS	10001744	2015/11/11 01:33:54.000000000	F_EMMPER
14	Alsco	10001744	2015/11/11 01:33:54.000000000	F_EMMPER
15	Anchor Foods Pty Ltd	10001743	2015/11/11 01:33:54.000000000	F_EMMPER
16	APC Logistics	10001744	2015/11/11 01:33:54.000000000	F_EMMPER
17	APS Food & Nutrition	10001744	2015/11/11 01:33:54.000000000	F_EMMPER
18	AQS International	10001744	2015/11/11 01:33:54.000000000	F_EMMPER
19	Aquatic Leisure Management	10001744	2015/11/11 01:33:54.000000000	F_EMMPER
20	Arnott's Biscuits	10001743	2015/11/11 01:33:54.000000000	F_EMMPER
21	ARYZTA	10001743	2015/11/11 01:33:54.000000000	F_EMMPER
22	Aspen Pharmacare Australia Pty Ltd	10001743	2015/11/11 01:33:54.000000000	F_EMMPER
23	Assurequality	10001744	2015/11/11 01:33:54.000000000	F_EMMPER
24	Australian Competition & Consumer Commission	10001744	2015/11/11 01:33:54.000000000	F_EMMPER
25	Australian Liquor Marketers	10001744	2015/11/11 01:33:54.000000000	F_EMMPER
26	Australian Red Cross Blood Service	10001744	2015/11/11 01:33:54.000000000	F_EMMPER
27	Australian Wool Testing Authority Ltd	10001744	2015/11/11 01:33:54.000000000	F_EMMPER
28	Auxico Corporation Pty Ltd	10001743	2015/11/11 01:33:54.000000000	F_EMMPER
29	Azura Fresh	10001743	2015/11/11 01:33:54.000000000	F_EMMPER
30	Baiada Poultry	10001743	2015/11/11 01:33:54.000000000	F_EMMPER
31	Barrick	10001744	2015/11/11 01:33:54.000000000	F_EMMPER
32	Bayer Australia Ltd	10001744	2015/11/11 01:33:55.000000000	F_EMMPER
33	BE Campbell	10001744	2015/11/11 01:33:55.000000000	F_EMMPER
34	Beak & Johnson Pty Ltd	10001743	2015/11/11 01:33:55.000000000	F_EMMPER
35	Bega Cheese Ltd	10001743	2015/11/11 01:33:55.000000000	F_EMMPER
36	Bellis Fruit Bars	10001744	2015/11/11 01:33:55.000000000	F_EMMPER
37	Berri Limited	10001743	2015/11/11 01:33:55.000000000	F_EMMPER
38	Berry Exchange	10001744	2015/11/11 01:33:55.000000000	F_EMMPER
39	BHP Billiton	10001743	2015/11/11 01:33:55.000000000	F_EMMPER
40	Biotech Laboratories Pty Ltd	10001744	2015/11/11 01:33:55.000000000	F_EMMPER
41	BIS Industrial Logistics	10001744	2015/11/11 01:33:55.000000000	F_EMMPER
42	BKK	10001744	2015/11/11 01:33:55.000000000	F_EMMPER
43	BMDI	10001744	2015/11/11 01:33:55.000000000	F_EMMPER
44	Botanical Food Company	10001744	2015/11/11 01:33:55.000000000	F_EMMPER
45	Boundary Bend Olives	10001744	2015/11/11 01:33:55.000000000	F_EMMPER
46	Brancourts	10001743	2015/11/11 01:33:55.000000000	F_EMMPER
47	Bravington Vine Ltd	10001744	2015/11/11 01:33:55.000000000	F_EMMPER
48	British Provender Pty Ltd	10001744	2015/11/11 01:33:55.000000000	F_EMMPER
49	Bulla Dairy Products	10001744	2015/11/11 01:33:55.000000000	F_EMMPER
50	Campbell Arnott's	10001743	2015/11/11 01:33:55.000000000	F_EMMPER
51	Capilano Honey Ltd	10001743	2015/11/11 01:33:55.000000000	F_EMMPER
52	Cardinal Health Australia	10001743	2015/11/11 01:33:55.000000000	F_EMMPER
53	Care Packaging Pty Ltd	10001743	2015/11/11 01:33:55.000000000	F_EMMPER
54	Cargill	10001743	2015/11/11 01:33:55.000000000	F_EMMPER
55	Carnival Cruises	10001743	2015/11/11 01:33:55.000000000	F_EMMPER
56	Catalent	10001744	2015/11/11 01:33:55.000000000	F_EMMPER
57	Caterx	10001744	2015/11/11 01:33:55.000000000	F_EMMPER
58	Cathrex	10001744	2015/11/11 01:33:55.000000000	F_EMMPER
59	Cerebos	10001744	2015/11/11 01:33:55.000000000	F_EMMPER
60	Cheetham Salt	10001744	2015/11/11 01:33:56.000000000	F_EMMPER
61	Chemiplas Australia	10001744	2015/11/11 01:33:56.000000000	F_EMMPER
62	Chep Australia	10001743	2015/11/11 01:33:56.000000000	F_EMMPER
63	Clean Room Garments	10001744	2015/11/11 01:33:56.000000000	F_EMMPER
64	Cleavers	10001744	2015/11/11 01:33:56.000000000	F_EMMPER
65	Clover Group	10001744	2015/11/11 01:33:56.000000000	F_EMMPER
66	Coca Cola Amatil	10001741	2015/11/11 01:33:56.000000000	F_EMMPER
67	Cochlear Limited	10001744	2015/11/11 01:33:56.000000000	F_EMMPER
68	Coffey Enviornments	10001744	2015/11/11 01:33:56.000000000	F_EMMPER
69	Coles	10001743	2015/11/11 01:33:56.000000000	F_EMMPER
70	Compass Group	10001743	2015/11/11 01:33:56.000000000	F_EMMPER
71	Compliance Monitoring Pty Ltd	10001743	2015/11/11 01:33:56.000000000	F_EMMPER
72	Compliant Customs	10001744	2015/11/11 01:33:56.000000000	F_EMMPER
73	Conga Foods	10001743	2015/11/11 01:33:56.000000000	F_EMMPER
74	Cordina Chickens Farms Pty Ltd	10001744	2015/11/11 01:33:56.000000000	F_EMMPER
75	Cory Johnston (Aust) Pty Ltd	10001744	2015/11/11 01:33:56.000000000	F_EMMPER
76	Craig Mostyn	10001743	2015/11/11 01:33:56.000000000	F_EMMPER
77	Curtain University	10001744	2015/11/11 01:33:56.000000000	F_EMMPER
78	D.E. Coffee & Tea Australia Pty Ltd	10001744	2015/11/11 01:33:56.000000000	F_EMMPER
79	DAFF	10001743	2015/11/11 01:33:56.000000000	F_EMMPER
80	Dairy Bell	10001744	2015/11/11 01:33:56.000000000	F_EMMPER
81	Danisco	10001741	2015/11/11 01:33:56.000000000	F_EMMPER
82	Danone	10001741	2015/11/11 01:33:56.000000000	F_EMMPER
83	Department of Environment & Primary Industries	10001744	2015/11/11 01:33:56.000000000	F_EMMPER
84	Dept. Corrective Services	10001744	2015/11/11 01:33:56.000000000	F_EMMPER
85	Directus Australia	10001744	2015/11/11 01:33:56.000000000	F_EMMPER
86	DKSH Australia	10001744	2015/11/11 01:33:57.000000000	F_EMMPER
87	Dominos Pizza	10001744	2015/11/11 01:33:57.000000000	F_EMMPER
88	Don KRC	10001744	2015/11/11 01:33:57.000000000	F_EMMPER
89	Dorgal Holdings Pty Ltd	10001744	2015/11/11 01:33:57.000000000	F_EMMPER
90	D'orsongna Ltd	10001743	2015/11/11 01:33:57.000000000	F_EMMPER
91	Dr Red Nutraceuticals Pty Ltd	10001744	2015/11/11 01:33:57.000000000	F_EMMPER
92	DS Chemport	10001744	2015/11/11 01:33:57.000000000	F_EMMPER
93	DSM Food Specialities	10001743	2015/11/11 01:33:57.000000000	F_EMMPER
94	DSV Air & Sea Pty Ltd	10001744	2015/11/11 01:33:57.000000000	F_EMMPER
95	E.E Muir & Sons	10001744	2015/11/11 01:33:57.000000000	F_EMMPER
96	Eastern Helath Pathology	10001744	2015/11/11 01:33:57.000000000	F_EMMPER
97	Ecolab Pty Ltd	10001743	2015/11/11 01:33:57.000000000	F_EMMPER
98	Ecoval Dairy Trade Pty Ltd	10001744	2015/11/11 01:33:57.000000000	F_EMMPER
99	Edlyn Foods	10001743	2015/11/11 01:33:57.000000000	F_EMMPER
100	Ego Pharmaceuticals	10001743	2015/11/11 01:33:57.000000000	F_EMMPER
101	EML Pty Ltd	10001744	2015/11/11 01:33:57.000000000	F_EMMPER
102	Ensign Laboratories	10001743	2015/11/11 01:33:57.000000000	F_EMMPER
103	ENSR Australia Pty Ltd	10001744	2015/11/11 01:33:57.000000000	F_EMMPER
104	Eurofins	10001744	2015/11/11 01:33:57.000000000	F_EMMPER
105	Finn Bespoke Technology Pty Ltd	10001744	2015/11/11 01:33:57.000000000	F_EMMPER
106	Fletcher International	10001743	2015/11/11 01:33:57.000000000	F_EMMPER
107	Fonterra Brands	10001743	2015/11/11 01:33:57.000000000	F_EMMPER
108	Fresh Food Industries Pty Ltd	10001744	2015/11/11 01:33:57.000000000	F_EMMPER
109	FTA Food Solutions	10001744	2015/11/11 01:33:57.000000000	F_EMMPER
110	Game Farm Pty Ltd	10001744	2015/11/11 01:33:57.000000000	F_EMMPER
111	Gate Gourmet Services	10001743	2015/11/11 01:33:57.000000000	F_EMMPER
112	GB-Commtrade Pty Ltd	10001744	2015/11/11 01:33:57.000000000	F_EMMPER
113	General Mills	10001743	2015/11/11 01:33:58.000000000	F_EMMPER
114	George Weston Foods	10001743	2015/11/11 01:33:58.000000000	F_EMMPER
115	GlaxoSmithkline Australia	10001743	2015/11/11 01:33:58.000000000	F_EMMPER
116	Global Foods	10001743	2015/11/11 01:33:58.000000000	F_EMMPER
117	Global Manufacturing Technology	10001744	2015/11/11 01:33:58.000000000	F_EMMPER
118	Global Medical Solutions	10001743	2015/11/11 01:33:58.000000000	F_EMMPER
119	GMP Pharmaceuticals	10001743	2015/11/11 01:33:58.000000000	F_EMMPER
120	Goodman Fielder	10001743	2015/11/11 01:33:58.000000000	F_EMMPER
121	Gourmets' Choice	10001743	2015/11/11 01:33:58.000000000	F_EMMPER
122	Grain Growers	10001743	2015/11/11 01:33:58.000000000	F_EMMPER
123	Green Grove Organics	10001744	2015/11/11 01:33:58.000000000	F_EMMPER
124	Greencap	10001744	2015/11/11 01:33:58.000000000	F_EMMPER
125	Green's General Foods	10001743	2015/11/11 01:33:58.000000000	F_EMMPER
126	GSF Australia	10001743	2015/11/11 01:33:58.000000000	F_EMMPER
127	H & O Products Pty Ltd	10001744	2015/11/11 01:33:58.000000000	F_EMMPER
128	H.W. Greenham & Son's	10001744	2015/11/11 01:33:58.000000000	F_EMMPER
129	Hallas Trading Co Pty Ltd	10001744	2015/11/11 01:33:58.000000000	F_EMMPER
130	Hans Continental Smallgoods Pty Ltd	10001744	2015/11/11 01:33:58.000000000	F_EMMPER
131	Hansells Food Australia Pty Ltd	10001744	2015/11/11 01:33:58.000000000	F_EMMPER
132	Harkola Pty Ltd	10001744	2015/11/11 01:33:58.000000000	F_EMMPER
133	Harvest Fresh Cuts	10001743	2015/11/11 01:33:58.000000000	F_EMMPER
134	Hatcher Pty Ltd	10001744	2015/11/11 01:33:58.000000000	F_EMMPER
135	HBW Foods Pty Ltd	10001744	2015/11/11 01:33:58.000000000	F_EMMPER
136	Heimann Foodmakers	10001744	2015/11/11 01:33:58.000000000	F_EMMPER
137	Heng Fai Trading	10001744	2015/11/11 01:33:58.000000000	F_EMMPER
138	Hibbs & Associates	10001744	2015/11/11 01:33:58.000000000	F_EMMPER
139	HJ Heinz Australia	10001743	2015/11/11 01:33:59.000000000	F_EMMPER
140	Houston's Farm	10001744	2015/11/11 01:33:59.000000000	F_EMMPER
141	Hungry Jacks Australia Pty Ltd	10001741	2015/11/11 01:33:59.000000000	F_EMMPER
142	Hydrochem Pty Ltd	10001743	2015/11/11 01:33:59.000000000	F_EMMPER
143	IGA Distribution	10001743	2015/11/11 01:33:59.000000000	F_EMMPER
144	Independent Distillers (Aust) Pty Ltd	10001744	2015/11/11 01:33:59.000000000	F_EMMPER
145	Inghams Enterprises Pty Ltd	10001743	2015/11/11 01:33:59.000000000	F_EMMPER
146	Innova International	10001744	2015/11/11 01:33:59.000000000	F_EMMPER
147	Integra Water Treatment Solutions Pty Ltd	10001743	2015/11/11 01:33:59.000000000	F_EMMPER
148	International Milk Products	10001744	2015/11/11 01:33:59.000000000	F_EMMPER
149	International Trading and Marketing Services	10001744	2015/11/11 01:33:59.000000000	F_EMMPER
150	Intertek	10001744	2015/11/11 01:33:59.000000000	F_EMMPER
151	ISS Catering	10001744	2015/11/11 01:33:59.000000000	F_EMMPER
152	ISS World	10001744	2015/11/11 01:33:59.000000000	F_EMMPER
153	IT Direct Australia Pty Ltd	10001744	2015/11/11 01:33:59.000000000	F_EMMPER
154	IVF Australia	10001744	2015/11/11 01:33:59.000000000	F_EMMPER
155	Jalco Cosmetics	10001744	2015/11/11 01:33:59.000000000	F_EMMPER
156	JFC Australia Co Pty Ltd	10001744	2015/11/17 11:10:03.000000000	F_EMMPER
157	Jasol Australia	10001743	2015/11/11 01:33:59.000000000	F_EMMPER
158	JBS Australia	10001743	2015/11/11 01:33:59.000000000	F_EMMPER
159	JC's Quality Foods	10001743	2015/11/11 01:33:59.000000000	F_EMMPER
160	Jewel of India Enterprises Pty Ltd	10001744	2015/11/11 01:33:59.000000000	F_EMMPER
161	Johnson & Johnson Medical Pty Ltd	10001743	2015/11/11 01:33:59.000000000	F_EMMPER
162	Jurlique International Pty Ltd	10001744	2015/11/11 01:33:59.000000000	F_EMMPER
163	Just Squeezed Fruit Juice	10001744	2015/11/11 01:33:59.000000000	F_EMMPER
164	Kailis Brothers	10001743	2015/11/11 01:33:59.000000000	F_EMMPER
165	Kaisi Australia Pty Ltd	10001744	2015/11/11 01:33:59.000000000	F_EMMPER
166	Katoomba Trading Pty Ltd	10001744	2015/11/11 01:34:00.000000000	F_EMMPER
167	Kaya Group Pty Ltd	10001744	2015/11/11 01:34:00.000000000	F_EMMPER
168	Kellogg's (Aust) Pty Ltd	10001741	2015/11/11 01:34:00.000000000	F_EMMPER
169	Kerry Ingredients	10001743	2015/11/11 01:34:00.000000000	F_EMMPER
170	Key Pharmaceuticals	10001743	2015/11/11 01:34:00.000000000	F_EMMPER
171	Kitchen Food Company Pty  Ltd	10001743	2015/11/11 01:34:00.000000000	F_EMMPER
172	Korea Consolidators	10001744	2015/11/11 01:34:00.000000000	F_EMMPER
173	Krispy Kreme Pty Ltd	10001744	2015/11/11 01:34:00.000000000	F_EMMPER
174	Kylie Australia Pty Ltd	10001744	2015/11/11 01:34:00.000000000	F_EMMPER
1	Lactalis	10001741	2015/11/11 01:34:00.000000000	F_EMMPER
176	Lenard's Pty Ltd	10001744	2015/11/11 01:34:00.000000000	F_EMMPER
177	Lion Dairy & Drinks Ptd Ltd	10001743	2015/11/11 01:34:00.000000000	F_EMMPER
178	Lite n Easy	10001743	2015/11/11 01:34:00.000000000	F_EMMPER
179	Little Creatures	10001744	2015/11/11 01:34:00.000000000	F_EMMPER
180	L'Oreal Australia Pty Ltd	10001744	2015/11/11 01:34:00.000000000	F_EMMPER
181	M Chickens	10001744	2015/11/11 01:34:00.000000000	F_EMMPER
182	Maharishi Vedic Organic Agriculture	10001744	2015/11/11 01:34:00.000000000	F_EMMPER
183	Mainfreight International	10001744	2015/11/11 01:34:00.000000000	F_EMMPER
184	Manassen Foods Pty Ltd	10001743	2015/11/11 01:34:00.000000000	F_EMMPER
185	Manildra Group	10001743	2015/11/11 01:34:00.000000000	F_EMMPER
186	McCain Food	10001741	2015/11/11 01:34:00.000000000	F_EMMPER
187	McDonalds Australia Ltd	10001741	2015/11/11 01:34:00.000000000	F_EMMPER
188	Metcash	10001744	2015/11/11 01:34:00.000000000	F_EMMPER
189	Minerva Australia Pty Ltd	10001744	2015/11/11 01:34:00.000000000	F_EMMPER
190	MOI International Australia Pty Ltd	10001744	2015/11/11 01:34:00.000000000	F_EMMPER
191	Monash University	10001744	2015/11/11 01:34:00.000000000	F_EMMPER
192	Mondelez Australia Pty Ltd	10001741	2015/11/11 01:34:00.000000000	F_EMMPER
193	Mr Oussama Berjack	10001744	2015/11/11 01:34:00.000000000	F_EMMPER
194	Mt Barker Chicken	10001744	2015/11/11 01:34:01.000000000	F_EMMPER
195	Multigate Medical Products Pty Ltd	10001744	2015/11/11 01:34:01.000000000	F_EMMPER
196	Murray Goulburn	10001743	2015/11/11 01:34:01.000000000	F_EMMPER
197	Mushroom Exchange Pty Ltd	10001743	2015/11/11 01:34:01.000000000	F_EMMPER
198	Myer Limited	10001744	2015/11/11 01:34:01.000000000	F_EMMPER
199	Nalco Australia	10001743	2015/11/11 01:34:01.000000000	F_EMMPER
200	National Measurement Institute	10001744	2015/11/11 01:34:01.000000000	F_EMMPER
201	National Starch	10001744	2015/11/11 01:34:01.000000000	F_EMMPER
202	Nestle Foods and Beverages	10001743	2015/11/11 01:34:01.000000000	F_EMMPER
203	New World Foods	10001744	2015/11/11 01:34:01.000000000	F_EMMPER
204	Ngarda Civil and Mining	10001744	2015/11/11 01:34:01.000000000	F_EMMPER
205	Norco Co-operative	10001743	2015/11/11 01:34:01.000000000	F_EMMPER
206	Nowra Chemical Manufacturers Pty Ltd	10001744	2015/11/11 01:34:01.000000000	F_EMMPER
207	Nuplex Industries	10001744	2015/11/11 01:34:01.000000000	F_EMMPER
208	Nutricia Australia	10001744	2015/11/11 01:34:01.000000000	F_EMMPER
209	Office of Environment and Heritage	10001744	2015/11/11 01:34:01.000000000	F_EMMPER
210	Olara Pty Ltd	10001744	2015/11/11 01:34:01.000000000	F_EMMPER
211	Open Plains Wholesale	10001744	2015/11/11 01:34:01.000000000	F_EMMPER
212	Oriental Merchant Pty ltd	10001744	2015/11/11 01:34:01.000000000	F_EMMPER
213	Original Pizza Company	10001744	2015/11/11 01:34:01.000000000	F_EMMPER
214	Orion Laboratories Pty Ltd	10001744	2015/11/11 01:34:01.000000000	F_EMMPER
215	Orora	10001744	2015/11/11 01:34:01.000000000	F_EMMPER
216	OSI International Foods	10001744	2015/11/11 01:34:01.000000000	F_EMMPER
217	P & N Beverages	10001744	2015/11/11 01:34:01.000000000	F_EMMPER
218	Pacific Organics	10001744	2015/11/11 01:34:01.000000000	F_EMMPER
219	Pacific Reef Fisheries	10001744	2015/11/11 01:34:01.000000000	F_EMMPER
220	Pacific West Foods	10001744	2015/11/11 01:34:01.000000000	F_EMMPER
221	Pars Ram Borthers	10001744	2015/11/11 01:34:01.000000000	F_EMMPER
222	Parsons Brinckerhoff	10001744	2015/11/11 01:34:02.000000000	F_EMMPER
223	Pascoe's Pty Ltd	10001744	2015/11/11 01:34:02.000000000	F_EMMPER
224	Peptech	10001743	2015/11/11 01:34:02.000000000	F_EMMPER
225	PFD Food Services	10001744	2015/11/11 01:34:02.000000000	F_EMMPER
226	PFD Fresh to Go	10001743	2015/11/11 01:34:02.000000000	F_EMMPER
227	Pfizer	10001743	2015/11/11 01:34:02.000000000	F_EMMPER
228	Pioneer Poultry Pty Ltd	10001744	2015/11/11 01:34:02.000000000	F_EMMPER
229	Podravka International	10001744	2015/11/11 01:34:02.000000000	F_EMMPER
230	PoolWerx	10001744	2015/11/11 01:34:02.000000000	F_EMMPER
231	Prensa Pty Ltd	10001744	2015/11/11 01:34:02.000000000	F_EMMPER
232	Prime Smallgoods	10001744	2015/11/11 01:34:02.000000000	F_EMMPER
233	Primo Moraitis Fresh	10001743	2015/11/11 01:34:02.000000000	F_EMMPER
234	Princess Cruises	10001743	2015/11/11 01:34:02.000000000	F_EMMPER
235	Probiotec Pty Ltd	10001744	2015/11/11 01:34:02.000000000	F_EMMPER
236	Q Catering	10001744	2015/11/11 01:34:02.000000000	F_EMMPER
237	Qantas Airways	10001744	2015/11/11 01:34:02.000000000	F_EMMPER
238	QED Environmental Services	10001744	2015/11/11 01:34:02.000000000	F_EMMPER
239	QSR Holdings	10001744	2015/11/11 01:34:02.000000000	F_EMMPER
240	Quality Centre Food Services	10001744	2015/11/11 01:34:02.000000000	F_EMMPER
241	Quality Ingredients Pty Ltd	10001744	2015/11/11 01:34:02.000000000	F_EMMPER
242	R Traders	10001744	2015/11/11 01:34:02.000000000	F_EMMPER
243	Red Chamber Australia Pty Ltd	10001744	2015/11/11 01:34:02.000000000	F_EMMPER
244	Rentokil	10001744	2015/11/11 01:34:02.000000000	F_EMMPER
245	Richmond Dairies Pty Ltd	10001744	2015/11/11 01:34:02.000000000	F_EMMPER
246	Rio Tinto	10001744	2015/11/11 01:34:02.000000000	F_EMMPER
247	Rockstar Beverages (Aust) Pty Ltd	10001744	2015/11/11 01:34:02.000000000	F_EMMPER
248	Royal Perth Hospital	10001743	2015/11/11 01:34:03.000000000	F_EMMPER
249	Rydges	10001744	2015/11/11 01:34:03.000000000	F_EMMPER
250	Sanitarium Health & Wellbeing Company	10001743	2015/11/11 01:34:03.000000000	F_EMMPER
251	Scalzo Food Industries	10001744	2015/11/11 01:34:03.000000000	F_EMMPER
252	Scental Pacific	10001743	2015/11/11 01:34:03.000000000	F_EMMPER
253	Schering Plough Pty Ltd	10001744	2015/11/11 01:34:03.000000000	F_EMMPER
254	Schweppes Australia / Asahi Beverages	10001743	2015/11/11 01:34:03.000000000	F_EMMPER
255	Sentry Medical	10001744	2015/11/11 01:34:03.000000000	F_EMMPER
256	SGS Australia Pty Ltd	10001744	2015/11/11 01:34:03.000000000	F_EMMPER
257	Shafer Haggart Pty Ltd	10001744	2015/11/11 01:34:03.000000000	F_EMMPER
258	Simplot Australia	10001743	2015/11/11 01:34:03.000000000	F_EMMPER
259	Simply Honest Foods Pty Ltd: Neutral Bay, NSW (Richard/Pauline Mirabelli) POD Client	10001744	2015/11/11 01:34:03.000000000	F_EMMPER
260	SLR Consulting Australia	10001744	2015/11/11 01:34:03.000000000	F_EMMPER
261	Snackbrands Australia	10001743	2015/11/11 01:34:03.000000000	F_EMMPER
262	Snap Fresh Pty Ltd	10001743	2015/11/11 01:34:03.000000000	F_EMMPER
263	Sodexo Food & Facilities Management	10001743	2015/11/11 01:34:03.000000000	F_EMMPER
264	SPC Ardmona QA Limited	10001743	2015/11/11 01:34:03.000000000	F_EMMPER
265	Sphere Healthcare Pty Ltd	10001744	2015/11/11 01:34:03.000000000	F_EMMPER
266	Spiral Foods Pty Ltd	10001744	2015/11/11 01:34:03.000000000	F_EMMPER
267	Spiroski Foods Pty Ltd	10001744	2015/11/11 01:34:03.000000000	F_EMMPER
268	Stewart Seafoods	10001744	2015/11/11 01:34:03.000000000	F_EMMPER
269	Stiefel Research Australia Pty Ltd	10001743	2015/11/11 01:34:03.000000000	F_EMMPER
270	Sugar Australia Pty Ltd	10001743	2015/11/11 01:34:03.000000000	F_EMMPER
271	Suncoast Gold Macadamias	10001743	2015/11/11 01:34:03.000000000	F_EMMPER
272	Sunrise Exims	10001744	2015/11/11 01:34:03.000000000	F_EMMPER
273	Swift & Co Trade Group	10001744	2015/11/11 01:34:03.000000000	F_EMMPER
274	Sydney Water	10001743	2015/11/11 01:34:04.000000000	F_EMMPER
275	Talsar Egg & Produce Supplies Pty Ltd	10001744	2015/11/11 01:34:04.000000000	F_EMMPER
276	Tandex Pty Ltd	10001743	2015/11/11 01:34:04.000000000	F_EMMPER
277	Tassal Group Limited	10001743	2015/11/11 01:34:04.000000000	F_EMMPER
278	Tata Global Beverages	10001744	2015/11/11 01:34:04.000000000	F_EMMPER
279	Tate & Lyle Food Systems	10001744	2015/11/11 01:34:04.000000000	F_EMMPER
280	TEMPO Health Services	10001743	2015/11/11 01:34:04.000000000	F_EMMPER
281	Teys Australia Naracoorte Pty Ltd	10001743	2015/11/11 01:34:04.000000000	F_EMMPER
282	The Flagstaff Group	10001744	2015/11/11 01:34:04.000000000	F_EMMPER
283	The Laminex Group	10001744	2015/11/11 01:34:04.000000000	F_EMMPER
284	The New Zealand King Salmon	10001744	2015/11/11 01:34:04.000000000	F_EMMPER
285	The Sugarless Company Pty Ltd	10001744	2015/11/11 01:34:04.000000000	F_EMMPER
286	The Wrigley Company	10001743	2015/11/11 01:34:04.000000000	F_EMMPER
287	Total Packages	10001744	2015/11/11 01:34:04.000000000	F_EMMPER
288	Tradewinds Customs and Freight	10001744	2015/11/11 01:34:04.000000000	F_EMMPER
289	Trang's Food Pty Limited	10001744	2015/11/11 01:34:04.000000000	F_EMMPER
290	TrendPac	10001744	2015/11/11 01:34:04.000000000	F_EMMPER
291	Trisco Foods	10001744	2015/11/11 01:34:04.000000000	F_EMMPER
292	Tru Blu Beverages Pty Ltd	10001744	2015/11/11 01:34:04.000000000	F_EMMPER
293	Unilever Australia	10001741	2015/11/11 01:34:04.000000000	F_EMMPER
294	United Foods Pty Ltd	10001744	2015/11/11 01:34:04.000000000	F_EMMPER
295	Value Added Meat Wholesalers	10001744	2015/11/11 01:34:04.000000000	F_EMMPER
296	Vesco Foods Pty Ltd	10001743	2015/11/11 01:34:04.000000000	F_EMMPER
297	Visy	10001744	2015/11/11 01:34:04.000000000	F_EMMPER
298	Votorantim International Australia Pty Ltd	10001744	2015/11/11 01:34:04.000000000	F_EMMPER
299	Warrnambool Cheese & Butter Factory Co. Ltd	10001743	2015/11/11 01:34:04.000000000	F_EMMPER
300	Wellvalue Healthcare Pty Ltd	10001744	2015/11/11 01:34:04.000000000	F_EMMPER
301	West Hills Farm Pty Ltd	10001744	2015/11/11 01:34:05.000000000	F_EMMPER
302	Western Areas NL	10001744	2015/11/11 01:34:05.000000000	F_EMMPER
303	Western Meat Packers	10001743	2015/11/11 01:34:05.000000000	F_EMMPER
305	Wilmar Foods Pty Ltd	10001743	2015/11/11 01:34:05.000000000	F_EMMPER
306	Wilmar Gavilon	10001743	2015/11/11 01:34:05.000000000	F_EMMPER
307	Wilmar Gavilon Pty Ltd	10001743	2015/11/11 01:34:05.000000000	F_EMMPER
308	Wilmar Sugar Pty Ltd	10001744	2015/11/11 01:34:05.000000000	F_EMMPER
309	Windsor Farm Foods Pty Ltd	10001744	2015/11/11 01:34:05.000000000	F_EMMPER
310	Woolworths	10001743	2015/11/11 01:34:05.000000000	F_EMMPER
311	WR Carpenter	10001744	2015/11/11 01:34:05.000000000	F_EMMPER
312	Zammit Ham & Bacon Curers Pty Limited	10001743	2015/11/11 01:34:05.000000000	F_EMMPER
313	Comgroup		2015/11/11 01:34:05.000000000	F_EMMPER
400	Aviko	10001743	2015/11/11 01:34:05.000000000	F_EMMPER
401	Compaxo	10001743	2015/11/11 01:34:05.000000000	F_EMMPER
402	Kerry	10001741	2015/11/11 01:34:05.000000000	F_EMMPER
403	McCain	10001741	2015/11/11 01:34:05.000000000	F_EMMPER
404	Europool Systems	10001743	2015/11/11 01:34:05.000000000	F_EMMPER
405	Koelewijn's Haringinleggerij	10001744	2015/11/11 01:34:05.000000000	F_EMMPER
406	Van Miert	10001743	2015/11/11 01:34:05.000000000	F_EMMPER
407	Gepo	10001744	2015/11/11 01:34:05.000000000	F_EMMPER
408	Hansel	10001744	2015/11/11 01:34:05.000000000	F_EMMPER
409	Kennemervis Group 	10001743	2015/11/11 01:34:05.000000000	F_EMMPER
410	Interovo	10001743	2015/11/11 01:34:05.000000000	F_EMMPER
500	27EME BCA	10001744	2015/11/11 01:34:05.000000000	F_EMMPER
501	ABC INDUSTRIE	10001743	2015/11/11 01:34:05.000000000	F_EMMPER
502	ACCOR	10001742	2015/11/11 01:34:05.000000000	F_EMMPER
503	AGAPES	10001742	2015/11/11 01:34:06.000000000	F_EMMPER
504	AIR France	10001742	2015/11/11 01:34:06.000000000	F_EMMPER
505	ALMA AGRO	10001743	2015/11/11 01:34:06.000000000	F_EMMPER
506	APPART CITY	10001743	2015/11/11 01:34:06.000000000	F_EMMPER
507	AQUITAINE SPECIALITES SARL	10001743	2015/11/11 01:34:06.000000000	F_EMMPER
508	ASSOCIATION HOSPITALIERE DE JOEUF	10001744	2015/11/11 01:34:06.000000000	F_EMMPER
509	ASSOCIATION MARIE HELENE	10001744	2015/11/11 01:34:06.000000000	F_EMMPER
510	AU PAIN D'ANTAN	10001744	2015/11/11 01:34:06.000000000	F_EMMPER
511	BISCUITS SAINT MICHEL	10001743	2015/11/11 01:34:06.000000000	F_EMMPER
512	BONGRAIN	10001742	2015/11/11 01:34:06.000000000	F_EMMPER
513	BRASSERIE LA MARINE	10001744	2015/11/11 01:34:06.000000000	F_EMMPER
514	BUFFALO GRILL	10001742	2015/11/11 01:34:06.000000000	F_EMMPER
515	C.F.C.C.	10001743	2015/11/11 01:34:06.000000000	F_EMMPER
516	CARREFOUR FRANCE	10001741	2015/11/11 01:34:06.000000000	F_EMMPER
517	CAZALAS	10001743	2015/11/11 01:34:06.000000000	F_EMMPER
518	CCE SNCF - CRE SNCF	10001743	2015/11/11 01:34:06.000000000	F_EMMPER
519	COCCINELLE	10001744	2015/11/11 01:34:06.000000000	F_EMMPER
520	COFRAC	10001743	2015/11/11 01:34:06.000000000	F_EMMPER
521	CROUS DE LILLE	10001743	2015/11/11 01:34:06.000000000	F_EMMPER
522	CUISINE CENTRALE LA BERJALIERE	10001744	2015/11/11 01:34:06.000000000	F_EMMPER
523	DANISCO	10001741	2015/11/11 01:34:06.000000000	F_EMMPER
524	DANONE	10001741	2015/11/11 01:34:06.000000000	F_EMMPER
525	DAVIGEL	10001742	2015/11/11 01:34:06.000000000	F_EMMPER
526	DELIFRANCE	10001743	2015/11/11 01:34:06.000000000	F_EMMPER
527	DEVEILLE S.A.	10001743	2015/11/11 01:34:06.000000000	F_EMMPER
528	DUJARDIN FOODS	10001742	2015/11/11 01:34:06.000000000	F_EMMPER
529	DUPONT RESTAURATION	10001742	2015/11/11 01:34:06.000000000	F_EMMPER
530	ELIOR	10001742	2015/11/11 01:34:06.000000000	F_EMMPER
531	ELIVIA SERVICES	10001742	2015/11/11 01:34:07.000000000	F_EMMPER
532	ERHARD	10001743	2015/11/11 01:34:07.000000000	F_EMMPER
533	ETS ESPI	10001744	2015/11/11 01:34:07.000000000	F_EMMPER
534	GROUPE EURALIS	10001742	2015/11/11 01:34:07.000000000	F_EMMPER
535	EURIAL	10001743	2015/11/11 01:34:07.000000000	F_EMMPER
536	EUROPEENNE DES DESSERTS	10001742	2015/11/11 01:34:07.000000000	F_EMMPER
537	EVEN	10001742	2015/11/11 01:34:07.000000000	F_EMMPER
538	FONDATION HOPALE	10001744	2015/11/11 01:34:07.000000000	F_EMMPER
539	FORCO	10001743	2015/11/11 01:34:07.000000000	F_EMMPER
540	GENDREAU VIF ARGENT	10001744	2015/11/11 01:34:07.000000000	F_EMMPER
541	GRAND FRAIS	10001743	2015/11/11 01:34:07.000000000	F_EMMPER
542	GROUPE ANDROS	10001742	2015/11/11 01:34:07.000000000	F_EMMPER
543	GROUPE AOSTE	10001742	2015/11/11 01:34:07.000000000	F_EMMPER
544	GROUPE AROSIAL	10001743	2015/11/11 01:34:07.000000000	F_EMMPER
545	GROUPE BEL	10001743	2015/11/11 01:34:07.000000000	F_EMMPER
546	GROUPE BERTRAND	10001742	2015/11/11 01:34:07.000000000	F_EMMPER
547	GROUPE BIGARD	10001742	2015/11/11 01:34:07.000000000	F_EMMPER
548	GROUPE DOMINO'S PIZZA	10001742	2015/11/11 01:34:07.000000000	F_EMMPER
549	GROUPE DORCHESTER	10001743	2015/11/11 01:34:07.000000000	F_EMMPER
550	GROUPE GALAXIE	10001742	2015/11/11 01:34:07.000000000	F_EMMPER
551	GROUPE HOLDER	10001742	2015/11/11 01:34:07.000000000	F_EMMPER
552	GROUPE KORIAN	10001742	2015/11/11 01:34:07.000000000	F_EMMPER
553	GROUPE LE DUFF	10001742	2015/11/11 01:34:07.000000000	F_EMMPER
554	GROUPE PIERRE SCHMIDT - STOEFFLER	10001743	2015/11/11 01:34:07.000000000	F_EMMPER
555	GROUPE ROULLIER	10001742	2015/11/11 01:34:07.000000000	F_EMMPER
556	GROUPE STARWOOD	10001743	2015/11/11 01:34:07.000000000	F_EMMPER
557	HOTEL DE VILLE DE SENLIS	10001744	2015/11/11 01:34:07.000000000	F_EMMPER
558	JEAN CABY	10001742	2015/11/11 01:34:07.000000000	F_EMMPER
559	JBS	10001741	2015/11/11 01:34:08.000000000	F_EMMPER
560	LA LOQUESIENNE - DEDE VIANDE	10001743	2015/11/11 01:34:08.000000000	F_EMMPER
561	LABEYRIE TRAITEUR SURGELE	10001742	2015/11/11 01:34:08.000000000	F_EMMPER
562	LACTALIS RECHERCHE ET DEVELOPPEMENT	10001741	2015/11/11 01:34:08.000000000	F_EMMPER
563	LADUREE	10001742	2015/11/11 01:34:08.000000000	F_EMMPER
564	LE GRAND LEJON SARL	10001743	2015/11/11 01:34:08.000000000	F_EMMPER
565	LE PARADIS DU FRUIT	10001743	2015/11/11 01:34:08.000000000	F_EMMPER
566	LESCURE VIANDES	10001743	2015/11/11 01:34:08.000000000	F_EMMPER
567	MAGHREB INDUSTRIES	10001743	2015/11/11 01:34:08.000000000	F_EMMPER
568	MAISON THIERRY COSTES	10001743	2015/11/11 01:34:08.000000000	F_EMMPER
569	MC CAIN	10001741	2015/11/11 01:34:08.000000000	F_EMMPER
570	MIGROS	10001743	2015/11/11 01:34:08.000000000	F_EMMPER
571	MILLE Et UN REPAS	10001743	2015/11/11 01:34:08.000000000	F_EMMPER
572	MIX BUFFET	10001743	2015/11/11 01:34:08.000000000	F_EMMPER
573	MONDELEZ	10001741	2015/11/11 01:34:08.000000000	F_EMMPER
574	NESTLE	10001741	2015/11/11 01:34:08.000000000	F_EMMPER
575	NEUHAUSER	10001742	2015/11/11 01:34:08.000000000	F_EMMPER
576	NUTRITION ET SANTE	10001743	2015/11/11 01:34:08.000000000	F_EMMPER
577	PANZANI - LUSTUCRU	10001742	2015/11/11 01:34:08.000000000	F_EMMPER
578	PASQUIER GROUPE	10001742	2015/11/11 01:34:08.000000000	F_EMMPER
579	PATISSERIE SPITZ	10001744	2015/11/11 01:34:08.000000000	F_EMMPER
580	PRIMEL GASTRONOMIE	10001743	2015/11/11 01:34:08.000000000	F_EMMPER
581	PROVERA	10001742	2015/11/11 01:34:08.000000000	F_EMMPER
582	PUIGRENIER	10001743	2015/11/11 01:34:08.000000000	F_EMMPER
583	RANA	10001743	2015/11/11 01:34:08.000000000	F_EMMPER
584	RELAIS H	10001742	2015/11/11 01:34:08.000000000	F_EMMPER
585	RESTALLIANCE	10001742	2015/11/11 01:34:08.000000000	F_EMMPER
586	RESTAURANT MEUH !	10001744	2015/11/11 01:34:08.000000000	F_EMMPER
587	RESTAURANT TONG YEN	10001744	2015/11/11 01:34:09.000000000	F_EMMPER
588	REZIDOR	10001742	2015/11/11 01:34:09.000000000	F_EMMPER
589	ROQUETTE	10001742	2015/11/11 01:34:09.000000000	F_EMMPER
590	SAINT JEAN SAS	10001742	2015/11/11 01:34:09.000000000	F_EMMPER
591	SAPHIR HOTEL	10001744	2015/11/11 01:34:09.000000000	F_EMMPER
592	SERVAIR	10001743	2015/11/11 01:34:09.000000000	F_EMMPER
593	SOBRIE RESTAURATION	10001744	2015/11/11 01:34:09.000000000	F_EMMPER
594	SOCIETE HAUKY	10001744	2015/11/11 01:34:09.000000000	F_EMMPER
595	SODEXO ALLIANCE	10001742	2015/11/11 01:34:09.000000000	F_EMMPER
596	ST HUBERT	10001743	2015/11/11 01:34:09.000000000	F_EMMPER
597	SUSHI SHOP PARIS	10001742	2015/11/11 01:34:09.000000000	F_EMMPER
598	SVDO	10001743	2015/11/11 01:34:09.000000000	F_EMMPER
599	TEREOS SYRAL	10001742	2015/11/11 01:34:09.000000000	F_EMMPER
600	TERRE DES LYS	10001743	2015/11/11 01:34:09.000000000	F_EMMPER
601	TRAITEURS POTEL - ST CLAIR	10001743	2015/11/11 01:34:09.000000000	F_EMMPER
602	TRIBALLAT	10001743	2015/11/11 01:34:09.000000000	F_EMMPER
603	TVR	10001743	2015/11/11 01:34:09.000000000	F_EMMPER
604	UCLAB	10001743	2015/11/11 01:34:09.000000000	F_EMMPER
605	VALENTIN TRAITEUR	10001742	2015/11/11 01:34:09.000000000	F_EMMPER
606	VITACUIRE S.A.	10001743	2015/11/11 01:34:09.000000000	F_EMMPER
